Rk,Player,Pos,Squad,Age,Born,90s,CrdY,CrdR,2CrdY,Fls,Fld,Off,Crs,Int,TklW,PKwon,PKcon,OG,Matches,-9999
1,Brenden Aaronson,MF,us United States,25,2000,0.8,0,0,0,2,1,0,1,0,1,,,0,Matches,5bc43860
2,Thelo Aasgaard,MF,no Norway,24,2002,1.0,0,0,0,0,3,0,0,3,1,,,0,Matches,c88a28b9
3,Hamza Abdelkarim,FW,eg Egypt,18,2008,0.7,0,0,0,2,0,0,0,0,0,,,0,Matches,057d8f12
4,Hossam Abdelmaguid,DF,eg Egypt,25,2001,0.7,0,0,0,1,0,0,0,1,0,,,0,Matches,accbfc94
5,Mohamed Abdelmonem,DF,eg Egypt,27,1999,0.2,0,0,0,1,0,0,0,0,0,,,0,Matches,bff15d74
6,Ali Abdi,DF,tn Tunisia,32,1993,3.0,0,0,0,4,1,0,4,4,8,,,0,Matches,ad7cdb35
7,Saud Abdulhamid,DF,sa Saudi Arabia,26,1999,3.0,1,0,0,4,2,0,5,2,9,,,0,Matches,caa254e4
8,Abdulla Abdullaev,DF,uz Uzbekistan,28,1997,2.0,0,0,0,5,1,0,0,3,2,,,0,Matches,03053fbf
9,Yusuf Abdurisag,FW,qa Qatar,26,1999,1.1,0,0,0,1,2,0,0,1,2,,,0,Matches,13c8f40b
10,Husam Abu Dahab,DF,jo Jordan,26,2000,2.0,1,0,0,2,1,0,0,0,3,,,0,Matches,300aaeb6
11,Mohammad Abu Hasheesh,DF,jo Jordan,31,1995,0.1,0,0,0,0,0,0,0,0,2,,,0,Matches,72c2fa7a
12,Mohannad Abu Taha,DF,jo Jordan,23,2003,2.9,1,0,0,2,1,0,5,6,2,,,0,Matches,5c4bac6c
13,Mo Abualnadi,DF,jo Jordan,25,2001,0.8,0,0,0,0,0,0,0,0,0,,,0,Matches,4bff62e4
14,Yazeed Abulaila,GK,jo Jordan,33,1993,3.0,0,0,0,0,0,0,0,0,0,,,0,Matches,5d11fc17
15,Mahmoud Abunada,GK,qa Qatar,26,2000,3.0,1,0,0,1,1,0,0,0,0,,,1,Matches,27e7e545
16,Elias Achouri,FWMF,tn Tunisia,27,1999,0.5,0,0,0,0,1,1,0,0,2,,,0,Matches,4dd2a0be
17,Ché Adams,FW,sct Scotland,29,1996,1.6,0,0,0,4,2,0,0,0,1,,,0,Matches,f2bf1b0f
18,Jayden Adams,MF,za South Africa,25,2001,1.3,0,0,0,0,0,0,0,2,0,,,0,Matches,259affab
19,Tyler Adams,MF,us United States,27,1999,3.8,1,0,0,5,6,0,0,8,5,,,0,Matches,2b09d998
20,Ricardo Adé,DF,ht Haiti,36,1990,3.0,0,0,0,6,4,0,1,5,2,,,0,Matches,a9ee5e81
21,Ibrahim Adel,MF,eg Egypt,25,2001,0.0,0,0,0,0,0,0,0,0,0,,,0,Matches,4869216e
22,Simon Adingra,FWMF,ci Côte d'Ivoire,24,2002,0.2,0,0,0,0,0,0,1,0,0,,,0,Matches,4dcec659
23,Jonas Adjetey,DF,gh Ghana,22,2003,2.5,0,0,0,1,0,0,0,1,3,,,0,Matches,bdbf78cd
24,Michel Aebischer,MFFW,ch Switzerland,29,1997,1.7,0,0,0,3,2,0,6,0,1,,,0,Matches,f9c927de
25,Akram Afif,FWMF,qa Qatar,29,1996,2.6,0,0,0,0,4,2,11,0,1,,,0,Matches,fd53d9e7
26,Emmanuel Agbadou,DF,ci Côte d'Ivoire,28,1997,3.0,0,0,0,0,0,0,0,4,6,,,0,Matches,75f1ed80
27,Rodrigo Aguirre,FW,uy Uruguay,31,1994,0.0,0,0,0,0,0,0,0,0,0,,,0,Matches,b5691f5d
28,Ali Ahmed,MF,ca Canada,25,2000,2.6,0,0,0,1,5,0,13,3,2,,,0,Matches,540a5be1
29,Homam Ahmed,DF,qa Qatar,26,1999,1.4,0,1,0,4,0,0,3,3,1,,,0,Matches,a62fa158
30,Rayan Aït-Nouri,DF,dz Algeria,25,2001,3.2,0,0,0,6,4,0,8,5,13,,,0,Matches,9b398aea
31,Kristoffer Ajer,DF,no Norway,28,1998,5.3,1,0,0,2,1,0,1,4,8,,,0,Matches,a8c0acb7
32,Manuel Akanji,DF,ch Switzerland,30,1995,6.7,0,0,0,4,4,0,0,6,9,,,0,Matches,89ac64a6
33,Nathan Aké,DF,nl Netherlands,31,1995,1.9,0,0,0,2,2,0,1,4,0,,,0,Matches,eaeca114
34,Yunus Akgün,MF,tr Türkiye,25,2000,1.0,1,0,0,2,1,0,2,0,0,,,0,Matches,1453e3cf
35,Maghnes Akliouche,MF,fr France,24,2002,0.1,0,0,0,0,0,0,1,0,0,,,0,Matches,b625b241
36,Kerem Aktürkoğlu,FW,tr Türkiye,27,1998,1.4,0,0,0,0,2,0,1,0,1,,,0,Matches,f28659fb
37,Ahmed Alaaeldin,FW,qa Qatar,33,1993,0.5,0,0,0,1,1,0,0,0,1,,,0,Matches,74fbbb3c
38,David Alaba,DF,at Austria,33,1992,3.1,0,0,0,2,0,0,1,4,1,,,0,Matches,05439de2
39,Kerim Alajbegović,MF,ba Bosnia–Herz,18,2007,3.1,0,0,0,4,6,1,15,2,0,,,0,Matches,f3d9291e
40,Jordy Alcivar,MF,ec Ecuador,26,1999,0.5,1,0,0,1,0,0,1,0,1,,,0,Matches,6e98c19f
41,Omar Alderete,DF,py Paraguay,29,1996,3.6,0,0,0,2,3,0,0,2,0,,,0,Matches,bb08bce9
42,Almoez Ali,FW,qa Qatar,29,1996,0.2,0,0,0,0,0,0,0,0,0,,,0,Matches,bae045a9
43,Hussein Ali,DF,iq Iraq,24,2002,1.8,0,0,0,1,0,1,1,2,2,,,0,Matches,b8a919ad
44,Mohanad Ali,FW,iq Iraq,25,2000,0.1,0,0,0,0,0,0,0,0,0,,,0,Matches,f929049b
45,Taha Ali,FWMF,se Sweden,27,1998,0.4,0,0,0,0,2,0,1,0,0,,,0,Matches,da4b8a4e
46,Khojiakbar Alijonov,MF,uz Uzbekistan,29,1997,1.5,0,0,0,2,1,0,5,5,2,,,0,Matches,e53cbd7a
47,Ali Alipour,FW,ir IR Iran,30,1995,0.4,0,0,0,1,1,0,0,1,1,,,0,Matches,488ee64c
48,Alisson,GK,br Brazil,33,1992,5.0,0,0,0,0,0,0,0,0,0,,,0,Matches,7a2e46a8
49,Thiago Almada,MF,ar Argentina,25,2001,2.7,1,0,0,2,2,2,1,0,4,,,0,Matches,27f33438
50,Miguel Almirón,MFFW,py Paraguay,32,1994,3.1,1,1,0,2,7,0,4,3,7,,,0,Matches,862a1c15
51,Júnior Alonso,DF,py Paraguay,33,1993,4.3,1,0,0,3,3,1,2,4,9,,,0,Matches,b18a3023
52,Barış Alper Yılmaz,MFFW,tr Türkiye,26,2000,2.0,0,0,0,4,1,2,15,0,0,,,0,Matches,414b2ce4
53,Roberto Alvarado,FWMF,mx Mexico,27,1998,4.8,0,0,0,3,5,1,36,2,3,,,0,Matches,ff871e14
54,Edson Álvarez,MFDF,mx Mexico,28,1997,2.7,1,0,0,5,2,0,1,3,6,,,0,Matches,8b3ab7ad
55,Julián Álvarez,FW,ar Argentina,26,2000,6.7,0,0,0,11,4,2,2,3,4,,,0,Matches,15ab5a2b
56,Ayoube Amaimouni,MF,ma Morocco,21,2004,0.2,0,0,0,1,0,0,1,0,1,,,0,Matches,c5a07a5e
57,Zeki Amdouni,FWMF,ch Switzerland,25,2000,0.8,0,0,0,5,4,0,0,0,1,,,0,Matches,2ee5b0c9
58,Michael Amir Murillo,DFMF,pa Panama,30,1996,3.0,0,0,0,1,7,1,8,1,3,,,0,Matches,349cae8f
59,Nadiem Amiri,MF,de Germany,29,1996,0.5,0,0,0,0,0,0,2,0,1,,,0,Matches,555d5edd
60,Amir Al Ammari,MF,iq Iraq,28,1997,2.7,2,0,0,3,0,0,8,2,1,,,0,Matches,9f65be73
61,Azizbek Amonov,FW,uz Uzbekistan,28,1997,0.2,0,0,0,0,0,0,1,0,0,,,0,Matches,f487314f
62,Mohamed Amoura,FWMF,dz Algeria,26,2000,0.3,0,0,0,1,0,0,0,0,0,,,0,Matches,6597f8b6
63,Sofyan Amrabat,MF,ma Morocco,29,1996,1.6,0,0,0,4,2,0,0,2,1,,,0,Matches,5a2cb25d
64,Abdulelah Al-Amri,DF,sa Saudi Arabia,29,1997,2.7,1,0,0,1,0,0,1,4,2,,,0,Matches,fd0affe3
65,Youssef Amyn,MF,iq Iraq,22,2003,0.3,0,0,0,0,0,0,0,0,0,,,0,Matches,10c12f22
66,Elliot Anderson,MF,eng England,23,2002,7.0,1,0,0,9,13,0,8,8,18,,,0,Matches,de31038e
67,Andrés Andrade Cedeño,DF,pa Panama,27,1998,3.0,1,0,0,4,0,0,8,3,3,,,0,Matches,6ea23758
68,Fredrik André Bjørkan,DF,no Norway,27,1998,0.5,0,0,0,0,0,0,0,2,1,,,0,Matches,3724baa1
69,Nilson Angulo,MF,ec Ecuador,22,2003,2.4,0,0,0,4,3,0,5,2,1,,,0,Matches,a9b9d89c
70,Waldemar Anton,DFMF,de Germany,29,1996,0.6,0,0,0,3,1,1,1,2,1,,,0,Matches,5e66fa06
71,Jeremy Antonisse,FWMF,cw Curaçao,24,2002,0.8,0,0,0,0,0,0,8,0,1,,,0,Matches,6011e63a
72,Houssem Aouar,MF,dz Algeria,27,1998,1.9,0,0,0,1,2,0,0,0,1,,,0,Matches,a5db0bec
73,Oswin Appollis,MFFW,za South Africa,24,2001,2.8,0,0,0,1,2,0,8,1,3,,,0,Matches,e8933eb0
74,Yazan Al-Arab,DF,jo Jordan,30,1996,3.0,1,0,0,4,0,0,0,11,1,,,1,Matches,32878a09
75,Maxi Araújo,FWMF,uy Uruguay,26,2000,2.8,0,0,0,2,7,6,18,0,0,,,0,Matches,f9ab3f4a
76,Tomás Araújo,DF,pt Portugal,24,2002,1.0,1,0,0,1,0,0,0,1,0,,,0,Matches,0fa11d7d
77,Telmo Arcanjo,MF,cv Cabo Verde,24,2001,0.6,0,0,0,0,1,0,1,0,0,,,0,Matches,c692cef2
78,Álex Arce,FW,py Paraguay,30,1995,0.6,1,0,0,1,0,0,0,0,1,,,0,Matches,10411db2
79,Carlens Arcus,MFDF,ht Haiti,29,1996,1.6,1,0,0,5,3,2,2,3,3,,,0,Matches,5e837126
80,Max Arfsten,MF,us United States,25,2001,0.0,0,0,0,0,0,0,0,0,0,,,0,Matches,668f881e
81,Jhon Arias,MF,co Colombia,28,1997,4.2,1,0,0,5,2,0,5,2,9,,,0,Matches,86d96066
82,Santiago Arias,DF,co Colombia,34,1992,1.0,0,0,0,1,0,0,2,1,2,,,0,Matches,fdd60087
83,Marko Arnautović,FW,at Austria,37,1989,1.6,1,0,0,3,1,5,0,0,0,,,0,Matches,00459419
84,Benjamin Asare,GK,gh Ghana,33,1992,2.5,0,0,0,0,1,0,0,0,0,,,0,Matches,4bb65492
85,Emam Ashour,MF,eg Egypt,28,1998,4.0,0,0,0,2,13,0,4,4,2,,,0,Matches,31b7d437
86,Rustam Ashurmatov,DF,uz Uzbekistan,29,1996,2.8,0,0,0,1,0,0,0,7,2,,,0,Matches,a0ecd397
87,Lawrence Ati-Zigi,GK,gh Ghana,29,1996,1.5,0,0,0,0,1,0,0,0,0,,,0,Matches,a12402c3
88,Marwan Attia,MF,eg Egypt,27,1998,4.8,2,0,0,8,1,0,11,3,3,,,0,Matches,1ea3d7ec
89,Fredrik Aursnes,MFDF,no Norway,30,1995,3.4,0,0,0,5,3,0,5,1,8,,,0,Matches,f0677ed7
90,Gabriel Ávalos,FW,py Paraguay,35,1990,1.6,0,0,0,1,2,0,0,0,2,,,0,Matches,b6781b67
91,Yasin Ayari,MF,se Sweden,22,2003,3.8,1,0,0,4,8,0,19,3,4,,,0,Matches,f173303a
92,Oğuz Aydın,DF,tr Türkiye,25,2000,1.0,0,0,0,0,2,0,3,0,6,,,0,Matches,a7b98226
93,Jordan Ayew,FW,gh Ghana,34,1991,3.3,0,0,0,7,7,1,10,1,3,,,0,Matches,da052c14
94,Kaan Ayhan,DFMF,tr Türkiye,31,1994,0.0,0,0,0,0,0,0,0,0,0,,,0,Matches,2200181e
95,Neil El Aynaoui,MF,ma Morocco,24,2001,6.2,0,0,0,15,7,0,0,8,9,,,0,Matches,17e1261b
96,Ali Azaizeh,MF,jo Jordan,22,2004,0.6,0,0,0,1,1,0,1,0,3,,,0,Matches,3a46ac67
97,Juninho Bacuna,MF,cw Curaçao,28,1997,2.8,2,0,0,6,3,0,5,5,4,,,0,Matches,aaf1bf05
98,Leandro Bacuna,MF,cw Curaçao,34,1991,3.0,1,0,0,3,3,0,4,0,3,,,0,Matches,9dc69d38
99,Álex Baena,MFFW,es Spain,24,2001,5.3,1,0,0,13,7,2,41,2,5,,,0,Matches,518f2234
100,Esmir Bajraktarevic,MF,ba Bosnia–Herz,21,2005,2.6,0,0,0,1,2,0,8,3,0,,,0,Matches,dff24174
101,Cédric Bakambu,FW,cd Congo DR,35,1991,2.1,0,0,0,2,1,4,1,0,0,,,0,Matches,0af4dcf0
102,Fabián Balbuena,DF,py Paraguay,34,1991,0.0,0,0,0,0,0,0,0,0,0,,,0,Matches,3626f7d9
103,Folarin Balogun,FW,us United States,24,2001,3.5,1,1,0,3,8,3,0,1,0,,,0,Matches,31822f8c
104,Simon Banza,FWMF,cd Congo DR,29,1996,0.4,0,0,0,1,0,0,0,0,1,,,0,Matches,be47b750
105,Yoel Bárcenas,MF,pa Panama,32,1993,2.8,1,0,0,3,3,0,7,2,0,,,0,Matches,b39849eb
106,Valentín Barco,DFMF,ar Argentina,21,2004,0.2,0,0,0,0,1,0,0,0,0,,,0,Matches,b9f282ec
107,Bradley Barcola,MF,fr France,23,2002,4.3,1,0,0,5,1,1,3,1,4,,,0,Matches,a0d55a09
108,Abdülkerim Bardakcı,DF,tr Türkiye,31,1994,2.9,0,0,0,1,3,0,7,2,5,,,0,Matches,5d9cff53
109,Ivan Bašić,MF,ba Bosnia–Herz,24,2002,2.0,0,0,0,2,3,0,12,3,1,,,0,Matches,9b0a0d51
110,Ahmed Basil,GK,iq Iraq,29,1996,1.5,0,0,0,0,1,0,0,0,0,,,0,Matches,3bf9e631
111,Martin Baturina,MFFW,hr Croatia,23,2003,3.6,0,0,0,1,14,0,8,1,2,,,0,Matches,d1eda5f0
112,Ibrahim Bayesh,MFFW,iq Iraq,26,2000,2.6,0,0,0,3,5,0,4,1,4,,,0,Matches,2f2003ba
113,Samed Baždar,FW,ba Bosnia–Herz,22,2004,0.3,0,0,0,1,1,0,0,0,0,,,0,Matches,e59c9d0d
114,Riechedly Bazoer,DF,cw Curaçao,29,1996,1.0,0,0,0,2,0,0,0,1,1,,,0,Matches,da59a197
115,Patrick Beach,GK,au Australia,22,2003,4.3,0,0,0,0,0,0,0,0,0,,,0,Matches,3cc64624
116,Aziz Behich,MF,au Australia,35,1990,2.4,0,0,0,1,4,0,6,1,4,,,0,Matches,b6867b96
117,Maximilian Beier,FWMF,de Germany,23,2002,0.3,0,0,0,1,1,0,0,0,0,,,0,Matches,5db45ee5
118,Alireza Beiranvand,GK,ir IR Iran,33,1992,3.0,0,0,0,0,1,0,0,0,0,,,0,Matches,6ca0b04a
119,Zineddine Belaïd,DF,dz Algeria,27,1999,0.3,0,0,0,0,0,1,0,0,0,,,0,Matches,b2562589
120,Rafik Belghali,DF,dz Algeria,24,2002,3.7,0,0,0,4,2,0,4,1,3,,,0,Matches,0abcb968
121,Joe Bell,MF,nz New Zealand,27,1999,2.7,0,0,0,3,0,0,0,4,2,,,0,Matches,7825847e
122,Jean-Ricner Bellegarde,MF,ht Haiti,27,1998,2.9,1,0,0,4,5,0,10,3,2,,,0,Matches,10f0fdd3
123,Jude Bellingham,MF,eng England,22,2003,6.8,1,0,0,9,17,1,8,3,10,,,0,Matches,57d88cf9
124,Mortadha Ben Ouanes,DFMF,tn Tunisia,31,1994,0.3,0,0,0,0,1,0,0,0,0,,,0,Matches,1798891a
125,Anis Ben Slimane,MFFW,tn Tunisia,25,2001,2.7,0,0,0,0,0,2,6,2,2,,,0,Matches,9ade9ce1
126,Oussama Benbot,GK,dz Algeria,31,1994,1.0,0,0,0,0,1,0,0,0,0,,,0,Matches,dcae580c
127,Nadhir Benbouali,FW,dz Algeria,26,2000,0.5,0,0,0,0,0,0,0,0,1,,,0,Matches,cd25f2b3
128,Gilson Benchimol,FW,cv Cabo Verde,24,2001,0.9,0,0,0,0,1,0,0,0,0,,,0,Matches,eae26fce
129,Ramy Bensebaini,DF,dz Algeria,31,1995,4.0,0,0,0,1,5,0,0,7,6,,,0,Matches,378825c7
130,Nabil Bentaleb,MF,dz Algeria,31,1994,3.2,0,0,0,2,3,0,3,3,4,,,0,Matches,3189f61a
131,Rodrigo Bentancur,MF,uy Uruguay,28,1997,3.0,1,0,0,7,5,0,4,7,5,,,0,Matches,3b8674e6
132,Patrick Berg,MF,no Norway,28,1997,4.9,1,0,0,4,2,0,11,2,7,,,0,Matches,e4114f5d
133,Sander Berge,MF,no Norway,28,1998,5.3,0,0,0,6,2,0,1,9,4,,,0,Matches,d0b6129f
134,Lucas Bergvall,MF,se Sweden,20,2006,2.0,1,0,0,7,4,0,3,2,2,,,0,Matches,a109e5c8
135,Sebastian Berhalter,MF,us United States,25,2001,2.1,1,0,0,5,6,0,11,3,0,,,0,Matches,f33ee427
136,Alexander Bernhardsson,MF,se Sweden,27,1998,2.4,0,0,0,2,4,0,3,2,2,,,0,Matches,dea1d183
137,Tyler Bindon,DF,nz New Zealand,21,2005,1.1,0,0,0,2,1,0,2,1,2,,,0,Matches,3575e5eb
138,César Blackman,MFDF,pa Panama,28,1998,2.0,1,0,0,2,2,1,0,1,0,,,0,Matches,c2b11050
139,Damián Bobadilla,MF,py Paraguay,24,2001,2.1,0,0,0,1,1,0,1,5,3,,,1,Matches,ad7d6437
140,Oscar Bobb,FW,no Norway,22,2003,2.5,0,0,0,1,4,0,2,3,3,,,0,Matches,eed2427e
141,Moïse Bombito,DF,ca Canada,26,2000,2.1,0,0,0,2,0,0,0,1,0,,,0,Matches,c2f23fc8
142,Theo Bongonda,FWMF,cd Congo DR,30,1995,0.4,0,0,0,0,1,0,2,1,0,,,0,Matches,0da6a13e
143,Ange-Yoan Bonny,FW,ci Côte d'Ivoire,22,2003,2.6,0,0,0,1,3,1,1,1,2,,,0,Matches,64629ba4
144,Jordy Bos,MFDF,au Australia,23,2002,3.4,1,0,0,4,4,0,8,3,3,,,0,Matches,8070a9fd
145,Ayyoub Bouaddi,MF,ma Morocco,18,2007,4.2,0,0,0,3,6,0,0,1,3,,,0,Matches,8006228f
146,Hicham Boudaoui,MF,dz Algeria,26,1999,1.4,1,0,0,4,1,0,1,2,1,,,0,Matches,f9d5908e
147,Karim Boudiaf,MF,qa Qatar,35,1990,1.1,0,0,0,0,2,0,0,0,0,,,0,Matches,a38f33fd
148,Adil Boulbina,FW,dz Algeria,23,2003,0.2,0,0,0,0,0,1,0,0,0,,,0,Matches,12f7f264
149,Yassine Bounou,GK,ma Morocco,35,1991,6.3,0,0,0,0,4,0,0,0,0,,,1,Matches,f6798fc3
150,Nawaf Boushal,DF,sa Saudi Arabia,26,1999,1.0,0,0,0,1,1,0,0,1,0,,,0,Matches,7dc1c2c6
151,Michael Boxall,DF,nz New Zealand,37,1988,2.3,0,0,0,2,2,0,1,2,1,,,0,Matches,6bfa0d3a
152,Sultan Al-Brake,DF,qa Qatar,30,1996,1.6,0,0,0,2,0,0,5,2,1,,,0,Matches,fcaa2400
153,Joshua Brenet,DF,cw Curaçao,32,1994,2.0,0,0,0,0,1,1,0,1,4,,,0,Matches,2b5527c4
154,Brian Brobbey,FW,nl Netherlands,24,2002,2.5,0,0,0,4,3,2,1,0,1,,,0,Matches,4c184730
155,Dylan Bronn,DF,tn Tunisia,30,1995,0.5,0,0,0,1,0,0,0,1,0,,,0,Matches,edd81e2a
156,Nathaniel Brown,DF,de Germany,22,2003,3.1,0,0,0,4,1,0,17,2,6,,,0,Matches,abc79c47
157,Tajon Buchanan,MF,ca Canada,27,1999,4.2,0,0,0,5,8,2,16,1,5,,,0,Matches,3aca6420
158,Ante Budimir,FW,hr Croatia,34,1991,1.7,0,0,0,6,4,0,0,0,1,,,0,Matches,8f3565b3
159,Firas Al-Buraikan,FW,sa Saudi Arabia,26,2000,2.6,1,0,0,2,3,0,0,1,0,,,0,Matches,ac717a23
160,Cameron Burgess,DF,au Australia,30,1995,1.5,0,0,0,0,0,0,0,1,1,,,1,Matches,da61ca98
161,Dan Burn,DF,eng England,34,1992,0.4,0,0,0,1,0,0,0,0,0,,,0,Matches,b2d31e83
162,Dženis Burnić,MF,ba Bosnia–Herz,28,1998,0.2,0,0,0,0,0,0,0,0,0,,,0,Matches,0dabaf14
163,Gustavo Caballero,FWMF,py Paraguay,24,2001,1.1,0,0,0,2,2,1,0,0,2,,,0,Matches,90a38ca7
164,Jovane Cabral,FW,cv Cabo Verde,28,1998,1.5,0,0,0,1,2,0,1,1,3,,,0,Matches,e34e086c
165,Liberato Cacace,DF,nz New Zealand,25,2000,2.4,0,0,0,1,5,0,8,3,2,,,0,Matches,dd86e8e4
166,Juan Cáceres,DF,py Paraguay,26,2000,4.8,1,0,0,9,6,0,10,5,11,,,0,Matches,db887bdf
167,Sebastián Cáceres,DF,uy Uruguay,26,1999,3.0,0,0,0,2,2,0,1,2,1,,,0,Matches,7091c68e
168,Jordy Caicedo,FW,ec Ecuador,28,1997,0.2,0,0,0,2,0,0,0,0,0,,,0,Matches,7fcb27d8
169,Moisés Caicedo,MF,ec Ecuador,24,2001,4.0,1,0,0,5,4,0,17,4,6,,,0,Matches,16264a81
170,Uğurcan Çakır,GK,tr Türkiye,30,1996,3.0,0,0,0,0,0,0,0,0,0,,,0,Matches,f63a8347
171,Hakan Çalhanoğlu,MF,tr Türkiye,32,1994,2.0,0,0,0,2,1,0,10,1,3,,,0,Matches,cd0fa27b
172,Lamine Camara,MF,sn Senegal,22,2004,2.8,1,0,0,5,3,0,7,2,1,,,0,Matches,19c2ffa4
173,Jaminton Campaz,FWMF,co Colombia,26,2000,0.8,0,0,0,2,3,2,2,0,1,,,0,Matches,8d5ceef2
174,İrfan Can Kahveci,MF,tr Türkiye,30,1995,0.0,0,0,0,0,0,0,0,0,1,,,0,Matches,d2800f47
175,José Canale,DF,py Paraguay,29,1996,1.8,0,0,0,1,2,0,1,1,6,,,0,Matches,97d24b73
176,João Cancelo,DF,pt Portugal,32,1994,3.5,0,0,0,6,2,1,17,5,4,,,0,Matches,bd6351cd
177,Agustín Canobbio,FW,uy Uruguay,27,1998,2.5,0,1,0,7,5,1,8,2,3,,,0,Matches,4f5a2f38
178,Casemiro,MF,br Brazil,34,1992,4.2,2,0,0,6,6,0,5,6,5,,,0,Matches,4d224fe8
179,Josué Casimir,MF,ht Haiti,24,2001,2.0,1,0,0,4,4,0,3,0,0,,,0,Matches,481f76cf
180,Timothy Castagne,DF,be Belgium,30,1995,5.3,1,0,0,7,2,0,20,8,7,,,0,Matches,197640fd
181,Kevin Castaño,MF,co Colombia,25,2000,0.2,0,0,0,0,0,0,0,0,0,,,0,Matches,c393c3d9
182,Jens Castrop,MF,kr Korea Republic,22,2003,0.5,0,0,0,3,0,0,3,0,0,,,0,Matches,03fee7de
183,Zeki Çelik,DF,tr Türkiye,29,1997,1.8,0,0,0,1,0,0,1,1,3,,,0,Matches,31a62dc7
184,Lukáš Červ,MF,cz Czechia,25,2001,1.8,0,0,0,3,3,0,0,0,3,,,0,Matches,bb4a41bc
185,Fares Chaïbi,MF,dz Algeria,23,2002,4.0,1,0,0,3,2,1,6,3,5,,,0,Matches,357103bd
186,Trevoh Chalobah,DFMF,eng England,26,1999,0.0,0,0,0,0,0,0,0,0,0,,,0,Matches,5515376c
187,Štěpán Chaloupek,DF,cz Czechia,23,2003,1.0,0,0,0,1,0,0,0,2,0,,,0,Matches,ded82b9a
188,Mouhib Chamakh,GK,tn Tunisia,24,2001,1.0,0,0,0,0,0,0,0,0,0,,,0,Matches,9627f87b
189,Firas Chaouat,FW,tn Tunisia,30,1996,0.5,0,0,0,1,2,3,0,0,0,,,0,Matches,7fa8ef98
190,Luis Chávez,MF,mx Mexico,30,1996,0.3,0,0,0,1,0,0,1,0,1,,,0,Matches,e50949ea
191,Mateo Chávez,DF,mx Mexico,22,2004,0.9,0,0,0,1,1,0,1,0,1,,,0,Matches,f82246a1
192,Samir Chergui,DF,dz Algeria,27,1999,0.2,0,0,0,0,0,0,0,0,0,,,0,Matches,4b6ab1da
193,Rayan Cherki,MF,fr France,22,2003,1.4,0,0,0,2,2,0,1,1,1,,,0,Matches,b34c63a5
194,Mathieu Choinière,MF,ca Canada,27,1999,0.6,0,0,0,1,1,0,4,2,1,,,0,Matches,017459bb
195,Tahith Chong,MF,cw Curaçao,26,1999,2.7,0,0,0,3,13,0,1,1,0,,,0,Matches,2696b6a9
196,Tomáš Chorý,FW,cz Czechia,31,1995,0.3,0,0,0,2,1,0,0,0,0,,,0,Matches,163bbd4a
197,Ryan Christie,MF,sct Scotland,31,1995,1.1,1,0,0,2,1,0,1,2,3,,,0,Matches,26ce2263
198,Carney Chukwuemeka,MF,at Austria,22,2003,0.9,0,0,0,2,2,0,0,0,0,,,0,Matches,b2f9c73e
199,Mojmír Chytil,FW,cz Czechia,27,1999,0.1,0,0,0,1,0,0,0,0,0,,,0,Matches,01a08323
200,Brian Cipenga,MFFW,cd Congo DR,28,1998,1.6,0,0,0,2,1,1,9,0,2,,,0,Matches,e4787d6f
201,Alessandro Circati,DF,au Australia,22,2003,4.3,1,0,0,5,4,0,2,2,7,,,0,Matches,1223765c
202,Pathé Ciss,DF,sn Senegal,32,1994,2.0,0,0,0,1,0,0,0,0,0,,,0,Matches,9a0408b6
203,Livano Comenencia,MF,cw Curaçao,22,2004,2.6,1,0,0,4,1,0,1,11,1,,,0,Matches,c9d96dc1
204,Eray Cömert,DF,ch Switzerland,28,1998,0.3,0,0,0,0,0,0,0,0,0,,,0,Matches,15937e17
205,Francisco Conceição,MF,pt Portugal,23,2002,1.4,0,0,0,1,2,1,3,0,2,,,0,Matches,5ef3d210
206,Jhon Córdoba,FW,co Colombia,33,1993,1.1,0,0,0,1,2,2,0,0,0,,,0,Matches,9f381d8b
207,José Córdoba,DF,pa Panama,25,2001,3.0,0,0,0,5,1,0,1,1,3,,,0,Matches,bec98750
208,Derek Cornelius,DF,ca Canada,28,1997,3.5,1,0,0,4,3,0,1,2,3,,,0,Matches,577744b8
209,Diogo Costa,GK,pt Portugal,26,1999,5.0,0,0,0,0,1,0,0,0,0,,,0,Matches,93fffbcf
210,Nuno da Costa,FW,cv Cabo Verde,35,1991,1.8,0,0,0,0,3,0,1,1,2,,,0,Matches,909222de
211,Samu Costa,MF,pt Portugal,25,2000,0.2,0,0,0,0,0,0,0,0,1,,,0,Matches,76c2a023
212,Vladimír Coufal,MFDF,cz Czechia,33,1992,3.0,0,0,0,4,3,1,20,2,1,,,0,Matches,fdf3cb77
213,Thibaut Courtois,GK,be Belgium,34,1992,6.1,0,0,0,0,0,0,0,0,0,,,0,Matches,1840e36d
214,Maxime Crépeau,GK,ca Canada,32,1994,5.0,0,0,0,1,1,0,0,0,1,,,0,Matches,ea42e480
215,Max Crocombe,GK,nz New Zealand,32,1993,3.0,0,0,0,0,1,0,0,0,0,,,0,Matches,fdf47077
216,Pau Cubarsí,DF,es Spain,19,2007,8.3,1,0,0,4,5,0,1,4,4,,,0,Matches,cc7888f3
217,Andrés Cubas,MF,py Paraguay,30,1996,5.3,1,0,0,14,3,0,0,11,13,,,0,Matches,9b40a6ea
218,Cucho,FWMF,co Colombia,27,1999,0.6,0,0,0,0,1,0,1,0,0,,,0,Matches,71b47ab9
219,Marc Cucurella,DF,es Spain,27,1998,8.3,1,0,0,8,5,4,13,7,4,,,0,Matches,1daec722
220,Matheus Cunha,FW,br Brazil,27,1999,3.2,0,0,0,1,3,1,4,3,3,,,0,Matches,dc62b55d
221,Findlay Curtis,MF,sct Scotland,19,2006,0.1,1,0,0,1,0,0,1,0,0,,,0,Matches,e2a68b89
222,Aymen Dahmen,GK,tn Tunisia,29,1997,2.0,0,0,0,0,1,0,0,0,0,,,0,Matches,8bf49030
223,Diogo Dalot,DFMF,pt Portugal,27,1999,0.7,0,0,0,0,1,0,1,0,2,,,0,Matches,d9565625
224,Danilo,DF,br Brazil,34,1991,4.5,2,0,0,7,1,1,10,7,2,,,0,Matches,94b2001f
225,Kevin Danso,DF,at Austria,27,1998,2.7,0,0,0,1,2,0,1,0,1,,,0,Matches,6e33125f
226,Vladimír Darida,MF,cz Czechia,35,1990,0.6,0,0,0,0,1,0,0,1,0,,,0,Matches,3eb0f2df
227,Jonathan David,FW,ca Canada,26,2000,4.7,1,0,0,5,5,0,3,3,1,,,0,Matches,ce50fd99
228,Promise David,FW,ca Canada,24,2001,0.9,0,0,0,4,2,0,0,1,1,,,0,Matches,dbe19468
229,Alphonso Davies,DFFW,ca Canada,25,2000,0.2,0,0,0,0,0,0,0,0,0,,,0,Matches,d781d855
230,Erick Davis,DF,pa Panama,35,1991,0.0,0,0,0,0,1,0,2,0,1,,,0,Matches,2ffb0739
231,Nasser Al-Dawsari,MF,sa Saudi Arabia,27,1998,2.3,1,0,0,7,2,0,1,4,4,,,0,Matches,7709e4a6
232,Salem Al-Dawsari,MF,sa Saudi Arabia,34,1991,2.7,1,0,0,3,4,1,3,1,1,,,0,Matches,60ee859c
233,Mohammad Al-Dawud,FWMF,jo Jordan,34,1992,0.0,0,0,0,0,0,0,0,0,0,,,0,Matches,e645c3fc
234,Kevin De Bruyne,MF,be Belgium,34,1991,4.2,1,0,0,2,4,0,21,0,2,,,0,Matches,e46012d4
235,Maxim De Cuyper,DF,be Belgium,25,2000,4.9,1,0,0,7,2,0,12,6,2,,,0,Matches,d494882e
236,Luc De Fougerolles,DF,ca Canada,20,2005,4.1,2,0,0,8,8,0,1,2,6,,,0,Matches,45c427ff
237,Charles De Ketelaere,FWMF,be Belgium,25,2001,3.9,0,0,0,2,3,2,3,5,4,,,0,Matches,2ef7c612
238,Nicolás De La Cruz,MF,uy Uruguay,29,1997,1.0,1,0,0,2,3,0,5,2,1,,,0,Matches,8fda5c72
239,Rodrigo De Paul,MF,ar Argentina,32,1994,5.5,1,0,0,2,5,1,14,6,4,,,0,Matches,162efffd
240,Amar Dedić,DF,ba Bosnia–Herz,23,2002,3.0,1,0,0,6,3,0,0,1,7,,,0,Matches,bc6e544a
241,Louicius Deedson,MF,ht Haiti,25,2001,1.2,0,0,0,3,1,1,4,1,0,,,0,Matches,f7059bb1
242,Hannes Delcroix,DF,ht Haiti,27,1999,3.0,0,0,0,1,2,0,0,4,3,,,0,Matches,b737f944
243,Ousmane Dembélé,MF,fr France,29,1997,6.6,0,0,0,0,4,3,34,0,2,,,0,Matches,b19db005
244,Merih Demiral,DF,tr Türkiye,28,1998,2.0,0,0,0,2,1,3,1,1,1,,,0,Matches,e3cceee6
245,Ermedin Demirović,FW,ba Bosnia–Herz,28,1998,3.9,1,0,0,11,3,1,0,1,1,,,0,Matches,ed79b7d3
246,Sergiño Dest,MF,us United States,25,2000,3.3,0,0,0,2,4,0,3,5,1,,,0,Matches,5976f83e
247,Frans Dhia Putros,DF,iq Iraq,32,1993,1.0,0,0,0,2,0,0,1,2,2,,,0,Matches,0102aa7e
248,Oumar Diakité,FW,ci Côte d'Ivoire,22,2003,0.3,0,0,0,0,0,0,1,0,1,,,0,Matches,44435c8f
249,Amad Diallo,MFFW,ci Côte d'Ivoire,23,2002,2.1,0,0,0,0,2,1,4,2,4,,,0,Matches,9dc96f10
250,Assane Diao,MF,sn Senegal,20,2005,0.1,0,0,0,0,0,0,0,0,1,,,0,Matches,8ae7d0ec
251,Habib Diarra,MF,sn Senegal,22,2004,1.6,0,0,0,2,2,0,1,1,2,,,0,Matches,6d0fe035
252,Rúben Dias,DF,pt Portugal,29,1997,4.0,1,0,0,6,3,0,0,5,3,,,0,Matches,31c69ef1
253,Krépin Diatta,DF,sn Senegal,27,1999,4.3,0,0,0,4,6,0,12,3,10,,,0,Matches,8104e41e
254,Mory Diaw,GK,sn Senegal,32,1993,2.6,0,0,0,0,2,0,0,0,0,,,0,Matches,f41a69e6
255,Brahim Díaz,MF,ma Morocco,26,1999,5.1,0,0,0,3,10,0,8,4,2,,,0,Matches,407feb71
256,Ismael Díaz,FWMF,pa Panama,29,1997,0.4,0,0,0,0,0,2,0,0,1,,,0,Matches,f2a276d1
257,Luis Díaz,FWMF,co Colombia,29,1997,5.3,0,0,0,7,9,9,4,1,0,,,0,Matches,4a1a9578
258,Bamba Dieng,FW,sn Senegal,26,2000,0.1,0,0,0,0,0,0,0,0,0,,,0,Matches,40774c6b
259,Lucas Digne,DF,fr France,32,1993,5.1,0,0,0,7,2,0,15,2,3,,,0,Matches,1b84dbe1
260,Diney,DF,cv Cabo Verde,31,1995,4.3,1,0,0,2,0,0,0,4,7,,,1,Matches,d2e33ba2
261,Ousmane Diomande,DF,ci Côte d'Ivoire,22,2003,1.0,0,0,0,0,0,0,0,1,0,,,0,Matches,394be156
262,Yan Diomandé,MFFW,ci Côte d'Ivoire,19,2006,3.7,0,0,0,2,7,0,14,4,6,,,0,Matches,919f5f54
263,Issa Diop,DF,ma Morocco,29,1997,5.3,3,0,0,4,1,0,0,7,1,,,0,Matches,a712ca2b
264,El Hadji Malick Diouf,DF,sn Senegal,21,2004,1.9,0,0,0,2,0,0,8,1,1,,,0,Matches,bd5eb2e5
265,Ritsu Doan,MF,jp Japan,27,1998,3.1,0,0,0,6,4,0,5,1,1,,,0,Matches,d01bbb6f
266,Jeremy Doku,MF,be Belgium,24,2002,3.4,0,0,0,4,18,0,6,3,1,,,0,Matches,fffea3e5
267,Merchas Doski,DF,iq Iraq,26,1999,3.0,1,0,0,3,8,0,4,6,9,,,0,Matches,fdf4cfe5
268,David Douděra,MF,cz Czechia,28,1998,1.0,0,0,0,0,1,0,5,1,0,,,0,Matches,e95b4604
269,Désiré Doué,MF,fr France,21,2005,4.4,0,0,0,4,8,0,3,2,6,,,0,Matches,9e7483ff
270,Guéla Doué,DF,ci Côte d'Ivoire,23,2002,3.1,1,0,0,6,5,0,12,3,5,,,0,Matches,b4ef3fb5
271,Deroy Duarte,MF,cv Cabo Verde,26,1999,2.9,0,0,0,4,1,0,1,6,5,,,0,Matches,6af8fc5b
272,Laros Duarte,MF,cv Cabo Verde,29,1997,1.8,0,0,0,0,2,0,2,2,1,,,0,Matches,4af3d3c8
273,Denzel Dumfries,DFMF,nl Netherlands,30,1996,4.3,0,0,0,6,3,1,16,1,6,,,0,Matches,481c9ece
274,Jean-Kevin Duverne,DF,ht Haiti,28,1997,1.9,0,0,0,2,1,1,1,4,2,,,0,Matches,0cbc8baa
275,Lyndon Dykes,FWMF,sct Scotland,30,1995,0.4,0,0,0,2,0,0,1,0,0,,,0,Matches,cd92357a
276,Edin Džeko,FW,ba Bosnia–Herz,40,1986,2.0,1,0,0,1,2,0,0,1,0,,,0,Matches,3bb7f478
277,Roshon van Eijma,DF,cw Curaçao,28,1998,0.2,0,0,0,0,0,0,0,0,0,,,0,Matches,130368de
278,Anthony Elanga,MFFW,se Sweden,24,2002,2.4,0,0,0,0,7,1,12,2,0,,,0,Matches,2fba6108
279,Meschak Elia,FWMF,cd Congo DR,28,1997,0.5,0,0,0,2,0,0,2,1,0,,,0,Matches,5d51b074
280,Callan Elliot,DF,nz New Zealand,26,1999,0.1,0,0,0,0,0,0,0,0,1,,,0,Matches,9d6968a3
281,Eren Elmalı,DF,tr Türkiye,25,2000,1.2,1,0,0,2,1,0,1,2,1,,,0,Matches,8eeb8ba4
282,Nico Elvedi,DF,ch Switzerland,29,1996,6.7,1,0,0,5,6,0,0,6,2,,,0,Matches,48035304
283,Breel Embolo,FW,ch Switzerland,29,1997,5.6,2,1,1,9,11,4,1,2,0,,,0,Matches,0b4f388a
284,Julio Enciso,FW,py Paraguay,22,2004,4.3,0,0,0,3,9,0,5,1,5,,,0,Matches,9cfbad36
285,Endrick,FW,br Brazil,19,2006,1.3,0,0,0,1,1,1,0,1,1,,,0,Matches,a2728fbf
286,Sherzod Esanov,MF,uz Uzbekistan,23,2003,0.0,0,0,0,0,0,0,0,1,0,,,0,Matches,bd6667ba
287,Fidel Escobar,DF,pa Panama,31,1995,1.0,0,0,0,1,0,0,1,1,2,,,0,Matches,4991ec66
288,Pervis Estupiñán,MF,ec Ecuador,28,1998,1.0,0,0,0,3,0,0,2,0,1,,,0,Matches,d38fdf53
289,Derrick Etienne,FWMF,ht Haiti,29,1996,0.1,0,0,0,0,0,0,2,0,0,,,0,Matches,59059f1e
290,Stephen Eustáquio,MF,ca Canada,29,1996,4.4,0,0,0,2,7,0,45,3,5,,,0,Matches,577efaec
291,Martin Expérience,DFMF,ht Haiti,27,1999,3.0,0,0,0,7,6,0,6,4,6,,,0,Matches,9edb83f4
292,Saeid Ezatolahi,MF,ir IR Iran,29,1996,2.9,2,0,0,7,4,0,0,7,5,,,0,Matches,314d95ac
293,Eberechi Eze,MF,eng England,27,1998,2.3,0,0,0,2,4,1,2,0,0,,,0,Matches,ae4fc6a4
294,Fabinho,DFMF,br Brazil,32,1993,0.8,1,0,0,4,0,0,0,2,1,,,0,Matches,7f3b388c
295,José Fajardo,FW,pa Panama,32,1993,1.7,1,0,0,4,3,1,0,0,2,,,0,Matches,682e47b3
296,Odeh Al-Fakhouri,MFFW,jo Jordan,20,2005,1.6,0,0,0,2,3,1,1,2,1,,,0,Matches,30591ae5
297,Henrik Falchener,DF,no Norway,23,2003,0.7,0,0,0,0,0,0,0,1,0,,,0,Matches,57fe6b9b
298,Marko Farji,MF,iq Iraq,22,2004,0.6,0,0,0,0,2,0,2,1,1,,,0,Matches,e046cff6
299,Christian Fassnacht,FWMF,ch Switzerland,32,1993,0.1,0,0,0,0,0,0,0,0,1,,,0,Matches,0aeeed3f
300,Abdul Fatawu Issahaku,FWMF,gh Ghana,22,2004,1.5,1,0,0,1,7,0,7,0,0,,,0,Matches,bceda5ff
301,Ahmed Fathy,MF,qa Qatar,33,1993,1.7,2,0,0,2,1,0,0,3,3,,,0,Matches,f2369793
302,Hamdy Fathy,DFMF,eg Egypt,31,1994,2.6,1,0,0,3,2,1,1,2,3,,,0,Matches,c8ef4955
303,Ahmed Fatouh,DF,eg Egypt,28,1998,3.0,1,0,0,2,3,0,8,4,5,,,0,Matches,de13286d
304,Abbosbek Fayzullayev,MF,uz Uzbekistan,22,2003,2.4,0,0,0,6,4,0,10,1,6,,,0,Matches,ef1d36a1
305,João Félix,MF,pt Portugal,26,1999,2.2,0,0,0,3,6,0,4,3,4,,,0,Matches,8aafd64f
306,Lewis Ferguson,MF,sct Scotland,26,1999,3.0,0,0,0,5,10,0,9,4,7,,,0,Matches,ee64a822
307,Bruno Fernandes,MF,pt Portugal,31,1994,4.7,0,0,0,2,8,1,22,0,5,,,0,Matches,507c7bdf
308,Enzo Fernández,MF,ar Argentina,25,2001,7.3,2,1,1,12,6,1,5,6,7,,,0,Matches,5ff4ab71
309,Matias Fernandez-Pardo,FWMF,be Belgium,21,2005,0.5,0,0,0,0,0,0,2,0,1,,,0,Matches,0cdb6a2a
310,Álvaro Fidalgo,MF,mx Mexico,29,1997,1.1,0,0,0,0,2,0,4,1,0,,,0,Matches,c705cdc4
311,Sherel Floranus,DF,cw Curaçao,27,1998,3.0,0,0,0,2,0,1,0,4,6,,,0,Matches,5ad49fbb
312,Seko Fofana,MF,ci Côte d'Ivoire,31,1995,1.0,1,0,0,1,0,0,0,2,0,,,0,Matches,5313ed43
313,Yahia Fofana,GK,ci Côte d'Ivoire,25,2000,4.0,0,0,0,0,3,0,0,0,0,,,0,Matches,9d420dad
314,Deveron Fonville,DF,cw Curaçao,23,2003,2.7,0,0,0,2,3,0,0,5,3,,,0,Matches,21932982
315,Yassin Fortuné,FWMF,ht Haiti,27,1999,0.1,0,0,0,0,1,0,0,0,0,,,0,Matches,ddcc9e22
316,Lyle Foster,FW,za South Africa,25,2000,0.6,0,0,0,0,1,0,0,0,0,,,0,Matches,f84a807c
317,Alan Franco,DF,ec Ecuador,27,1998,2.8,2,0,0,7,0,0,5,4,6,,,0,Matches,c76b161b
318,Alex Freeman,DF,us United States,21,2004,4.2,0,0,0,1,1,0,4,7,6,,,0,Matches,754f150b
319,Matt Freese,GK,us United States,27,1998,4.0,0,0,0,0,2,0,0,0,0,,,0,Matches,2f49476c
320,Remo Freuler,MF,ch Switzerland,34,1992,6.6,0,0,0,8,3,1,5,8,5,,,0,Matches,98d2c2c4
321,Marco Friedl,DF,at Austria,28,1998,0.3,0,0,0,0,0,0,0,0,0,,,0,Matches,f86ad3f5
322,Juriën Gaari,DF,cw Curaçao,32,1993,1.8,1,0,0,4,1,0,0,2,2,,,0,Matches,bf7a9d1a
323,Jassem Gaber,MF,qa Qatar,24,2002,1.7,1,0,0,7,0,0,0,0,2,,,0,Matches,af9ef8aa
324,Cody Gakpo,FW,nl Netherlands,27,1999,4.1,0,0,0,3,3,3,12,2,1,,,0,Matches,1971591f
325,Matías Galarza,MF,py Paraguay,24,2002,4.3,2,0,0,10,9,0,4,7,11,,,0,Matches,8e97a57b
326,Hernán Galíndez,GK,ec Ecuador,39,1987,4.0,0,0,0,0,0,0,0,0,0,,,0,Matches,89c136f6
327,Jesús Gallardo,DF,mx Mexico,31,1994,4.1,0,0,0,7,3,0,16,7,1,,,0,Matches,d0846b6c
328,Ahmed Al-Ganehi,FW,qa Qatar,25,2000,0.4,0,0,0,1,0,0,1,0,1,,,0,Matches,efcf04d2
329,Ben Gannon-Doak,MF,sct Scotland,20,2005,2.1,0,0,0,3,1,0,6,0,1,,,0,Matches,733f1a7d
330,Eric García,DFMF,es Spain,25,2001,0.2,0,0,0,1,0,0,0,1,0,,,0,Matches,2bed3eab
331,Gavi,FW,es Spain,21,2004,0.8,0,0,0,2,1,0,2,1,2,,,0,Matches,19cae58d
332,Jason Geria,DF,au Australia,33,1993,0.7,0,0,0,2,0,0,1,2,1,,,0,Matches,cd494a8d
333,Khalid Al Ghannam,MF,sa Saudi Arabia,25,2000,0.0,0,0,0,0,0,0,0,0,0,,,0,Matches,c16843c7
334,Ismaël Gharbi,MF,tn Tunisia,22,2004,1.4,0,0,0,0,2,0,1,1,1,,,0,Matches,5b3cfa12
335,Mehdi Ghayedi,FW,ir IR Iran,27,1998,0.5,0,0,0,2,1,0,3,0,0,,,0,Matches,b6c90b4b
336,Farés Ghedjemis,FWMF,dz Algeria,23,2002,0.0,0,0,0,0,0,0,0,0,0,,,0,Matches,14aac43e
337,Saman Ghoddos,MF,ir IR Iran,32,1993,2.3,0,0,0,3,0,1,1,5,4,,,0,Matches,f7b1d4e0
338,Mohammad Ghorbani,MF,ir IR Iran,25,2001,1.0,0,0,0,2,1,0,0,2,2,,,0,Matches,4a078e18
339,Lee Gi-hyuk,DF,kr Korea Republic,25,2000,3.0,1,0,0,2,1,0,2,5,4,,,0,Matches,18c8c3c7
340,Armin Gigovic,MF,ba Bosnia–Herz,24,2002,0.9,0,0,0,0,2,0,0,2,1,,,0,Matches,d0a0858e
341,Orlando Gill,GK,py Paraguay,26,2000,5.3,0,0,0,0,3,0,0,0,0,,,0,Matches,0d425331
342,Santiago Giménez,FW,mx Mexico,25,2001,1.0,0,0,0,1,3,0,0,0,0,,,0,Matches,37337aea
343,Aníbal Godoy,MF,pa Panama,36,1990,0.0,0,0,0,0,1,0,1,0,0,,,0,Matches,2d496ca3
344,Andrés Gómez,MF,co Colombia,23,2002,0.0,0,0,0,0,0,0,0,1,0,,,0,Matches,76a82373
345,Diego Gómez,MF,py Paraguay,23,2003,3.4,2,0,0,5,1,0,1,9,6,,,0,Matches,916728da
346,Gustavo Gómez,DF,py Paraguay,33,1993,5.3,0,0,0,3,2,1,0,2,3,,,0,Matches,d5ce52a5
347,Armando González,FW,mx Mexico,23,2003,0.2,0,0,0,1,0,0,0,0,0,,,0,Matches,1278bc9a
348,Nicolás González,MF,ar Argentina,28,1998,2.9,0,0,0,4,3,2,6,1,3,,,0,Matches,2374aaca
349,Anthony Gordon,MF,eng England,25,2001,4.4,0,0,0,4,10,0,8,3,3,,,0,Matches,2bd83368
350,Leon Goretzka,MF,de Germany,31,1995,1.1,0,0,0,0,0,0,1,1,1,,,0,Matches,cc86b9a3
351,Kenji Gorré,FWMF,cw Curaçao,31,1994,0.2,0,0,0,0,0,0,0,0,0,,,0,Matches,52d1a4c6
352,Keisuke Gotō,FW,jp Japan,21,2005,0.1,0,0,0,0,1,0,0,0,1,,,0,Matches,82a2ca86
353,Amine Gouiri,FW,dz Algeria,26,2000,2.8,0,0,0,1,1,0,1,0,1,,,0,Matches,aad56ca3
354,Ryan Gravenberch,MF,nl Netherlands,24,2002,3.8,0,0,0,5,3,0,4,6,1,,,0,Matches,b8e740fb
355,Michael Gregoritsch,FW,at Austria,32,1994,2.1,0,0,0,1,1,2,0,0,0,,,0,Matches,8e235926
356,Florian Grillitsch,DFMF,at Austria,30,1995,1.0,0,0,0,3,1,0,1,0,1,,,0,Matches,ffbbc83b
357,Pascal Groß,DFMF,de Germany,34,1991,0.2,0,0,0,1,0,0,1,0,2,,,0,Matches,8aec0537
358,Gabriel Gudmundsson,MFDF,se Sweden,27,1999,3.7,1,0,0,5,7,0,4,5,3,,,0,Matches,d5d22a58
359,Cho Gue-sung,FW,kr Korea Republic,28,1998,0.3,1,0,0,1,0,0,0,0,0,,,0,Matches,ccfa8e5e
360,Marc Guéhi,DF,eng England,25,2000,7.4,1,0,0,4,13,0,0,6,1,,,0,Matches,d0706b27
361,Evann Guessand,FWMF,ci Côte d'Ivoire,24,2001,0.2,0,0,0,1,0,0,0,0,0,,,0,Matches,b73f17f8
362,Idrissa Gueye,MF,sn Senegal,36,1989,4.0,0,0,0,2,2,0,1,2,4,,,0,Matches,72c812f3
363,Pape Gueye,MF,sn Senegal,27,1999,2.6,1,0,0,4,2,0,3,4,1,,,0,Matches,7155e3e1
364,Bruno Guimarães,MF,br Brazil,28,1997,4.6,0,0,0,4,7,0,16,2,6,,,0,Matches,82518f62
365,Deniz Gül,FW,tr Türkiye,21,2004,0.4,0,0,0,2,0,0,0,0,0,,,0,Matches,f0fb443e
366,Arda Güler,MF,tr Türkiye,21,2005,3.0,0,0,0,3,10,2,14,2,3,,,0,Matches,3741ca58
367,Angus Gunn,GK,sct Scotland,30,1996,3.0,0,0,0,0,0,0,0,0,1,,,0,Matches,e082af5b
368,Malo Gusto,DF,fr France,23,2003,1.3,0,0,0,4,2,0,2,2,3,,,0,Matches,d56b9520
369,Brian Gutiérrez,MF,mx Mexico,22,2003,2.2,1,0,0,5,3,0,5,2,1,,,0,Matches,d88f31db
370,Jorge Gutiérrez,DF,pa Panama,27,1998,1.0,0,0,0,1,2,0,0,1,1,,,0,Matches,56f6d192
371,Joško Gvardiol,DF,hr Croatia,24,2002,1.5,0,0,0,2,3,0,0,2,2,,,0,Matches,5ad50391
372,Viktor Gyökeres,FW,se Sweden,28,1998,4.0,1,0,0,4,7,1,1,0,1,,,0,Matches,4d5a9185
373,Aziz Gʻaniyev,MF,uz Uzbekistan,28,1998,1.4,0,0,0,2,1,0,6,0,6,,,0,Matches,0c492054
374,Erling Haaland,FW,no Norway,25,2000,5.2,0,0,0,5,3,0,1,1,0,,,0,Matches,1f44ac21
375,Ihsan Haddad,DF,jo Jordan,32,1994,2.9,0,0,0,3,1,0,8,2,1,,,0,Matches,85660a5d
376,Anis Hadj Moussa,MF,dz Algeria,24,2002,1.1,0,0,0,0,2,0,5,1,0,,,0,Matches,7bc7eef2
377,Jaouen Hadjam,DF,dz Algeria,23,2003,1.2,0,0,0,0,0,0,1,1,1,,,0,Matches,576817b7
378,Amir Hadžiahmetović,MF,ba Bosnia–Herz,29,1997,0.1,0,0,0,0,0,0,1,0,0,,,0,Matches,e8213ed3
379,Dennis Hadžikadunić,DF,ba Bosnia–Herz,27,1998,0.3,0,0,0,1,0,0,0,0,2,,,0,Matches,82cfae2a
380,Karim Hafez,DF,eg Egypt,30,1996,1.9,0,0,0,1,2,0,3,3,1,,,0,Matches,d2debf23
381,Ehsan Hajsafi,DF,ir IR Iran,36,1990,1.0,1,0,0,2,1,0,2,1,0,,,0,Matches,b060e3b8
382,Achraf Hakimi,DF,ma Morocco,27,1998,6.3,1,0,0,7,16,0,35,5,10,,,0,Matches,e42d61c7
383,Redouane Halhal,DF,ma Morocco,23,2003,2.0,1,0,0,3,5,1,0,1,1,,,0,Matches,e17c2cec
384,Ali Al Hamadi,FW,iq Iraq,24,2002,2.0,0,0,0,1,5,0,0,2,2,,,0,Matches,8450467d
385,Abdullah Al-Hamdan,FW,sa Saudi Arabia,26,1999,0.8,0,0,0,2,0,0,1,0,0,,,0,Matches,cc4b5436
386,Mohamed Amine Ben Hamida,DF,tn Tunisia,30,1995,2.2,0,0,0,3,1,0,1,1,9,,,0,Matches,2a5e8f82
387,Odiljon Hamrobekov,MF,uz Uzbekistan,30,1996,0.9,1,0,0,1,1,0,0,0,0,,,0,Matches,03f63e77
388,Lee Han-beom,DF,kr Korea Republic,23,2002,3.0,0,0,0,7,2,0,2,3,2,,,0,Matches,071f2dd3
389,Grant Hanley,DF,sct Scotland,34,1991,2.0,0,0,0,1,0,1,0,1,2,,,0,Matches,e9254eec
390,Sontje Hansen,FW,cw Curaçao,24,2002,0.5,0,0,0,0,0,0,0,0,0,,,0,Matches,70bad10b
391,Mohamed Hany,DF,eg Egypt,30,1996,5.3,0,0,0,2,1,0,15,6,9,,,2,Matches,9bcf1513
392,Moteb Al-Harbi,DF,sa Saudi Arabia,26,2000,2.1,0,0,0,0,4,0,1,4,1,,,0,Matches,1d88554c
393,Saleh Hardani,DF,ir IR Iran,27,1998,1.0,0,0,0,0,2,0,1,2,2,,,0,Matches,3a9b682b
394,Carlos Harvey,MF,pa Panama,26,2000,3.0,1,0,0,8,3,0,0,0,3,,,0,Matches,3f18600c
395,Akam Hashim,DF,iq Iraq,27,1998,3.0,0,0,0,0,3,0,0,2,1,,,0,Matches,f8416e89
396,Haissem Hassan,MF,eg Egypt,24,2002,1.4,2,0,0,2,2,0,9,0,1,,,0,Matches,e0979e74
397,Jalal Hassan,GK,iq Iraq,35,1991,1.5,0,0,0,0,1,0,0,0,0,,,0,Matches,87351c2e
398,Abdulaziz Hatem,MF,qa Qatar,36,1990,0.5,0,0,0,1,0,0,0,0,0,,,0,Matches,c5065ef8
399,Jorrel Hato,DF,nl Netherlands,20,2006,0.4,0,0,0,0,0,0,1,0,0,,,0,Matches,bde35051
400,Kai Havertz,FW,de Germany,27,1999,3.9,1,0,0,3,4,1,1,1,2,,,0,Matches,fed7cb61
401,Hassan Al-Haydos,MF,qa Qatar,35,1990,0.6,0,0,0,1,1,0,0,0,0,,,0,Matches,41bd6c64
402,Jan Paul van Hecke,DF,nl Netherlands,26,2000,4.3,0,0,0,4,2,0,1,4,3,,,0,Matches,4fd08daa
403,Hwang Hee-chan,FW,kr Korea Republic,30,1996,1.2,0,0,0,1,2,0,0,0,1,,,0,Matches,169fd162
404,Torbjørn Heggem,DF,no Norway,27,1999,4.9,0,0,0,2,0,0,0,2,7,,,0,Matches,834fea76
405,Alaa Al Hejji,MF,sa Saudi Arabia,30,1995,0.4,0,0,0,0,0,0,0,1,0,,,0,Matches,6d258576
406,Dean Henderson,GK,eng England,29,1997,1.0,0,0,0,0,0,0,0,1,0,,,0,Matches,e5a76dfe
407,Jordan Henderson,MF,eng England,35,1990,0.1,1,0,0,0,1,0,2,0,1,,,0,Matches,935e6b8f
408,Jack Hendry,DF,sct Scotland,31,1995,3.0,0,0,0,1,3,0,0,0,2,,,0,Matches,ffed43e3
409,Luiz Henrique,FWMF,br Brazil,25,2001,0.3,0,0,0,0,1,0,0,0,0,,,0,Matches,8059806f
410,Theo Hernández,DF,fr France,28,1997,2.9,0,0,0,2,4,0,6,3,1,,,0,Matches,d4c9725f
411,Lucas Herrington,DF,au Australia,18,2007,2.3,0,0,0,2,0,0,0,2,1,,,0,Matches,6f808c85
412,Son Heung-min,FW,kr Korea Republic,33,1992,1.9,0,0,0,0,4,2,3,0,1,,,0,Matches,92e7e919
413,Aaron Hickey,DF,sct Scotland,24,2002,0.8,1,0,0,2,4,0,1,1,0,,,0,Matches,1780bb4a
414,Isak Hien,DF,se Sweden,27,1999,2.4,1,0,0,3,3,0,0,1,3,,,0,Matches,12806697
415,Piero Hincapié,DF,ec Ecuador,24,2002,3.8,1,1,0,5,4,0,14,4,5,,,0,Matches,0c7a48f8
416,Adam Hložek,FW,cz Czechia,23,2002,1.7,0,0,0,4,4,0,0,1,1,,,0,Matches,5521f419
417,Tomáš Holeš,DF,cz Czechia,33,1993,1.7,0,0,0,2,2,0,0,4,3,,,0,Matches,e03c2d97
418,Amirhossein Hosseinzadeh,FW,ir IR Iran,25,2000,0.2,0,0,0,0,0,0,0,0,2,,,0,Matches,47270f0c
419,Robin Hranáč,DF,cz Czechia,26,2000,3.0,0,0,0,6,0,0,1,1,0,,,0,Matches,95d5aea2
420,Ajdin Hrustic,MF,au Australia,29,1996,0.9,0,0,0,1,0,0,5,0,0,,,0,Matches,1f2d714c
421,César Huerta,FWMF,mx Mexico,25,2000,0.1,0,0,0,0,0,0,0,0,0,,,0,Matches,de2f44ce
422,Al-Hashmi Al-Hussain,MF,qa Qatar,22,2003,0.4,0,0,0,2,2,0,0,1,2,,,0,Matches,c164fda2
423,Ayman Hussein,FW,iq Iraq,30,1996,1.3,0,0,0,2,1,0,0,0,0,,,1,Matches,8b574de7
424,Oh Hyeon-gyu,FW,kr Korea Republic,25,2001,1.4,0,0,0,0,1,0,1,0,0,,,0,Matches,d25422fb
425,Yang Hyun-jun,FWMF,kr Korea Republic,24,2002,0.2,0,0,0,1,0,1,0,1,1,,,0,Matches,f4cda99f
426,Roger Ibanez,DF,br Brazil,27,1998,0.5,1,0,0,2,1,0,0,1,2,,,0,Matches,82efe6fa
427,Yasser Ibrahim,DF,eg Egypt,33,1993,5.2,2,0,0,6,3,0,0,3,6,,,0,Matches,0b89ad1b
428,Borja Iglesias,FW,es Spain,33,1993,0.0,0,0,0,0,0,0,0,0,0,,,0,Matches,75645f0e
429,Hwang In-beom,MF,kr Korea Republic,29,1996,2.9,0,0,0,1,1,0,2,4,2,,,0,Matches,92fa5d28
430,Christ Inao Oulaï,MF,ci Côte d'Ivoire,20,2006,2.3,0,0,0,3,5,0,0,6,4,,,0,Matches,62709ee4
431,Zidane Iqbal,MF,iq Iraq,23,2003,2.1,0,0,0,1,2,0,2,1,2,,,0,Matches,6fa3c28e
432,Nestory Irankunda,FWMF,au Australia,20,2006,2.9,0,0,0,4,5,0,1,1,0,,,0,Matches,4ac730b2
433,Jackson Irvine,MF,au Australia,33,1993,2.5,1,0,0,3,3,0,2,1,1,,,0,Matches,4637747c
434,Alexander Isak,FW,se Sweden,26,1999,4.0,0,0,0,4,1,5,3,0,2,,,0,Matches,8e92be30
435,Wilson Isidor,FW,ht Haiti,25,2000,2.1,0,0,0,3,2,1,0,1,1,,,0,Matches,a671316d
436,Jamshid Iskanderov,FWMF,uz Uzbekistan,32,1993,0.1,0,0,0,0,0,0,1,0,0,,,0,Matches,3b8abe7c
437,Zaid Ismail,MF,iq Iraq,24,2002,1.3,0,0,0,2,0,0,0,1,4,,,0,Matches,c65effaa
438,Ko Itakura,DF,jp Japan,29,1997,1.4,0,0,0,1,0,0,0,1,0,,,0,Matches,97d545ae
439,Jacob Italiano,DF,au Australia,24,2001,1.8,1,0,0,0,0,0,8,1,2,,,0,Matches,2eb0ee9a
440,Hiroki Ito,DF,jp Japan,27,1999,4.0,0,0,0,7,0,0,9,0,2,,,0,Matches,204dded0
441,Junya Itō,MF,jp Japan,33,1993,2.4,0,0,0,2,5,0,17,1,2,,,0,Matches,dbd3a428
442,Cedric Itten,FWMF,ch Switzerland,29,1996,0.5,0,0,0,4,2,0,1,0,0,,,0,Matches,ef233486
443,Nicolas Jackson,FW,sn Senegal,24,2001,2.6,0,0,0,2,0,5,1,1,2,,,0,Matches,9c36ed83
444,Lee Jae-sung,FW,kr Korea Republic,33,1992,1.3,0,0,0,1,4,1,0,2,3,,,0,Matches,34b0387f
445,Alireza Jahanbakhsh,FWMF,ir IR Iran,32,1993,0.5,0,0,0,2,0,0,1,0,1,,,0,Matches,08452314
446,Ismail Jakobs,DF,sn Senegal,26,1999,2.4,0,0,0,2,0,0,18,2,2,,,0,Matches,a0415710
447,Reece James,DF,eng England,26,1999,3.5,0,0,0,3,1,0,9,3,3,,,0,Matches,1265a93a
448,Amer Jamous,MF,jo Jordan,23,2002,0.2,0,0,0,1,0,0,0,0,0,,,0,Matches,32d4f1e1
449,Luca Jaquez,DF,ch Switzerland,23,2003,0.9,0,0,0,3,1,0,2,1,0,,,0,Matches,a400da8e
450,Ardon Jashari,MF,ch Switzerland,23,2002,0.8,0,0,0,2,1,0,1,0,0,,,0,Matches,889588db
451,Ali Jasim,MF,iq Iraq,22,2004,1.4,0,0,0,1,0,0,4,0,1,,,0,Matches,1a927a6f
452,Danley Jean-Jacques,MF,ht Haiti,26,2000,2.9,1,0,0,5,3,0,1,3,6,,,0,Matches,59fcbd6d
453,Eom Ji-sung,MF,kr Korea Republic,24,2002,0.5,0,0,0,0,1,0,3,0,2,,,0,Matches,3a049da1
454,Raúl Jiménez,FW,mx Mexico,35,1991,3.5,0,0,0,7,2,2,0,0,1,,,0,Matches,b561db50
455,Kim Jin-gyu,MF,kr Korea Republic,29,1997,0.6,0,0,0,0,1,0,1,0,1,,,0,Matches,7c0479b1
456,Park Jinseob,DFMF,kr Korea Republic,30,1995,0.4,0,0,0,0,1,0,0,0,0,,,0,Matches,3316967a
457,Ruslanbek Jiyanov,FW,uz Uzbekistan,25,2001,0.0,0,0,0,0,0,0,0,0,1,,,0,Matches,3c181746
458,Alistair Johnston,DF,ca Canada,27,1998,5.0,1,0,0,5,4,0,19,6,2,,,0,Matches,4fb17e20
459,Frenkie de Jong,MF,nl Netherlands,29,1997,3.6,0,0,0,6,6,0,1,8,7,,,0,Matches,1bacc518
460,Lenny Joseph,FW,ht Haiti,25,2000,1.3,0,0,0,6,1,0,0,0,0,,,0,Matches,d1828392
461,Edmilson Junior,MFFW,qa Qatar,31,1994,2.3,0,0,0,4,2,1,4,0,1,,,0,Matches,620764f4
462,Vinicius Júnior,FW,br Brazil,25,2000,4.9,0,0,0,4,10,3,12,1,1,,,0,Matches,7111d552
463,Elijah Just,MF,nz New Zealand,26,2000,2.9,1,0,0,3,2,0,2,2,3,,,0,Matches,0c295d6e
464,Musab Al Juwayr,MFFW,sa Saudi Arabia,22,2003,1.7,0,0,0,1,1,2,7,1,3,,,0,Matches,62592fc1
465,Ayoub El Kaabi,FW,ma Morocco,32,1993,0.8,0,0,0,1,1,3,0,0,2,,,0,Matches,b1bfd1d4
466,Ozan Kabak,DF,tr Türkiye,26,2000,1.0,0,0,0,3,0,0,1,0,2,,,0,Matches,2d61d13a
467,Ferdi Kadioglu,DF,tr Türkiye,26,1999,1.8,0,0,0,0,3,0,4,1,2,,,0,Matches,66c52a77
468,Kaku,MF,py Paraguay,31,1995,0.1,0,0,0,1,1,0,0,0,0,,,0,Matches,cb01ad74
469,Saša Kalajdžić,FW,at Austria,28,1997,0.9,0,0,0,2,2,0,1,0,0,,,0,Matches,15f24fe7
470,Gédéon Kalulu,DF,cd Congo DR,28,1997,0.1,0,0,0,0,0,0,0,0,0,,,0,Matches,dd211559
471,Daichi Kamada,MF,jp Japan,29,1996,3.7,1,0,0,2,4,1,4,1,3,,,0,Matches,15b287da
472,Hossein Kanaanizadegan,DF,ir IR Iran,32,1994,1.5,1,0,0,1,0,0,0,2,0,,,0,Matches,24353c25
473,Harry Kane,FW,eng England,32,1993,7.2,0,0,0,8,9,2,1,1,3,,,0,Matches,21a66f6a
474,Lee Kang-in,FW,kr Korea Republic,25,2001,3.0,1,0,0,1,7,0,19,0,0,,,0,Matches,8455ad90
475,Mohamed Kanno,MF,sa Saudi Arabia,31,1994,2.5,1,0,0,5,0,0,0,2,4,,,0,Matches,74ccf212
476,Steve Kapuadi,DF,cd Congo DR,28,1998,2.0,0,0,0,2,0,0,0,1,1,,,0,Matches,3f3c941a
477,Bekhruz Karimov,DF,uz Uzbekistan,18,2007,2.0,0,0,0,8,4,0,2,3,5,,,0,Matches,74cdaeba
478,Jesper Karlström,MF,se Sweden,30,1995,1.5,0,0,0,3,0,0,0,1,3,,,0,Matches,e0a1f4eb
479,Gervane Kastaneer,FWMF,cw Curaçao,30,1996,0.3,2,0,0,2,0,0,0,0,0,,,0,Matches,0c142e14
480,Nikola Katić,DF,ba Bosnia–Herz,29,1996,3.5,1,0,0,4,0,0,0,5,6,,,0,Matches,35bd124a
481,Edo Kayembe,MF,cd Congo DR,28,1998,1.8,0,0,0,5,3,0,2,0,1,,,0,Matches,f99b71de
482,Joris Kayembe,DFFW,cd Congo DR,31,1994,0.5,0,0,0,0,1,0,3,4,4,,,0,Matches,4657faba
483,Franck Kessié,MF,ci Côte d'Ivoire,29,1996,3.8,1,0,0,7,2,1,2,0,4,,,0,Matches,05e19d6a
484,Abdullah Al-Khaibari,MF,sa Saudi Arabia,29,1996,2.0,0,0,0,0,2,0,0,1,1,,,0,Matches,ab47ae1c
485,Shoja' Khalilzadeh,DF,ir IR Iran,37,1989,3.0,1,0,0,4,0,1,0,3,3,,,0,Matches,0aed29f1
486,Dostonbek Khamdamov,MF,uz Uzbekistan,29,1996,1.1,0,0,0,1,0,1,5,2,4,,,0,Matches,d2dd2ffb
487,Bilal El Khannouss,MFFW,ma Morocco,22,2004,5.1,1,0,0,5,6,0,10,1,7,,,0,Matches,f7042636
488,Rani Khedira,MF,tn Tunisia,32,1994,1.7,1,0,0,3,0,0,0,2,1,,,0,Matches,59e4b92e
489,Boualem Khoukhi,DF,qa Qatar,35,1990,3.0,0,0,0,2,1,0,2,3,3,,,0,Matches,7be5ad52
490,Abdukodir Khusanov,DF,uz Uzbekistan,22,2004,3.0,2,0,0,6,0,0,0,5,3,,,0,Matches,d17ce930
491,Joshua Kimmich,DF,de Germany,31,1995,3.9,0,0,0,0,7,0,31,4,4,,,0,Matches,49296448
492,Justin Kluivert,FWMF,nl Netherlands,27,1999,0.3,0,0,0,0,2,0,1,0,0,,,0,Matches,4c3a6744
493,Gregor Kobel,GK,ch Switzerland,28,1997,6.7,0,0,0,0,3,0,0,0,0,,,0,Matches,cd59b9df
494,Orkun Kökçü,MF,tr Türkiye,25,2000,1.7,0,0,0,2,4,0,6,0,1,,,0,Matches,9bf914b4
495,Sead Kolašinac,DF,ba Bosnia–Herz,32,1993,3.7,0,0,0,6,4,0,9,2,6,,,0,Matches,3935e52e
496,Ghislain Konan,DF,ci Côte d'Ivoire,30,1995,3.0,0,0,0,0,1,0,8,0,3,,,0,Matches,6b2c894b
497,Ibrahima Konaté,DF,fr France,27,1999,0.7,0,0,0,2,1,0,0,3,0,,,0,Matches,5ed9b537
498,Ismaël Koné,MF,ca Canada,23,2002,1.6,0,0,0,1,3,0,3,3,2,,,0,Matches,e0220b70
499,Manu Koné,MF,fr France,25,2001,4.3,1,0,0,6,7,0,1,3,5,,,0,Matches,86574238
500,Ezri Konsa,DF,eng England,28,1997,7.2,0,0,0,8,11,0,3,8,5,,,0,Matches,0313a347
501,Teun Koopmeiners,DFMF,nl Netherlands,28,1998,1.4,0,0,0,3,0,0,5,1,1,,,0,Matches,a26fb8aa
502,Odilon Kossounou,DF,ci Côte d'Ivoire,25,2001,3.0,0,0,0,0,1,0,0,3,3,,,0,Matches,1f3afdcb
503,Kalidou Koulibaly,DF,sn Senegal,34,1991,1.8,0,0,0,0,0,0,0,2,1,,,0,Matches,da974c7b
504,Jules Koundé,DF,fr France,27,1998,6.7,0,0,0,6,5,1,12,3,8,,,0,Matches,4d1666ff
505,Mateo Kovačić,MF,hr Croatia,32,1994,3.0,0,0,0,3,3,0,0,2,3,,,0,Matches,79c0821a
506,Matej Kovar,GK,cz Czechia,26,2000,3.0,0,0,0,0,0,0,0,0,0,,,0,Matches,bc67a0e1
507,Andrej Kramarić,FWMF,hr Croatia,34,1991,0.7,0,0,0,0,0,1,2,0,1,,,0,Matches,603cb947
508,Ladislav Krejčí,DF,cz Czechia,27,1999,3.0,1,0,0,6,2,0,2,1,3,,,0,Matches,5b5c2228
509,Takefusa Kubo,MF,jp Japan,25,2001,0.8,0,0,0,1,1,0,0,1,0,,,0,Matches,16aa3654
510,Brandley Kuwas,FWMF,cw Curaçao,33,1992,0.0,0,0,0,0,0,0,1,0,0,,,0,Matches,42c94967
511,Prince Kwabena Adu,FW,gh Ghana,22,2003,0.4,0,0,0,4,0,0,0,0,0,,,0,Matches,36bdd145
512,Maxence Lacroix,DF,fr France,26,2000,2.7,0,0,0,5,0,1,0,3,2,,,0,Matches,277c49ed
513,Gustaf Lagerbielke,DF,se Sweden,26,2000,4.0,0,0,0,1,3,1,1,5,5,,,0,Matches,9e39fa2d
514,Konrad Laimer,MFDF,at Austria,29,1997,4.0,1,0,0,6,3,3,4,2,6,,,0,Matches,c1b7847c
515,Ali Lajami,DF,sa Saudi Arabia,30,1996,1.7,0,0,0,0,2,0,0,3,2,,,0,Matches,46f7ab4f
516,Senne Lammens,GK,be Belgium,23,2002,0.2,0,0,0,0,0,0,0,0,0,,,0,Matches,8e6d2fcd
517,Noa Lang,FWMF,nl Netherlands,26,1999,0.1,0,0,0,0,1,0,0,0,0,,,0,Matches,8e034340
518,Sondre Langås,DF,no Norway,25,2001,0.3,0,0,0,0,0,0,0,0,0,,,0,Matches,107e4890
519,Aymeric Laporte,DF,es Spain,32,1994,8.1,1,0,0,5,4,0,1,14,3,,,0,Matches,119b9a8e
520,Cyle Larin,FW,ca Canada,31,1995,2.1,2,0,0,5,1,3,0,0,0,,,0,Matches,e7af9060
521,Richie Laryea,DF,ca Canada,31,1995,4.8,1,0,0,8,14,1,2,2,9,,,0,Matches,276fdbe4
522,Mohanad Lasheen,MF,eg Egypt,30,1996,4.0,2,0,0,5,3,0,1,8,11,,,0,Matches,8c041c7d
523,Issa Laye,MFDF,qa Qatar,28,1997,3.0,0,0,0,0,3,0,0,1,1,,,0,Matches,c078667a
524,Rafael Leão,MF,pt Portugal,27,1999,1.8,0,0,0,1,2,0,7,2,0,,,0,Matches,20730eae
525,Mathew Leckie,MF,au Australia,35,1991,0.7,0,0,0,1,1,0,1,0,0,,,0,Matches,b93b7882
526,Jefferson Lerma,MF,co Colombia,31,1994,4.6,1,0,0,6,5,0,1,5,1,,,0,Matches,9b5ce51a
527,Jamie Leweling,FWMF,de Germany,25,2001,0.3,0,0,0,0,0,0,2,0,0,,,0,Matches,13fe7b69
528,Philipp Lienhart,DF,at Austria,29,1996,2.0,0,0,0,0,0,0,0,1,1,,,0,Matches,302527b2
529,Victor Lindelöf,DFMF,se Sweden,31,1994,4.0,0,0,0,3,0,0,0,4,1,,,0,Matches,f5deef4c
530,Erik Lira,MF,mx Mexico,26,2000,3.8,0,0,0,3,4,0,2,2,3,,,0,Matches,7b2c24ed
531,Dominik Livaković,GK,hr Croatia,31,1995,4.0,0,0,0,0,1,0,0,0,0,,,0,Matches,58f077c0
532,Dailon Livramento,FW,cv Cabo Verde,25,2001,1.9,0,0,0,1,1,2,2,0,0,,,0,Matches,c115db1e
533,Marcos Llorente,DF,es Spain,31,1995,2.1,0,0,0,2,1,0,4,1,6,,,0,Matches,02c15616
534,Giovani Lo Celso,MF,ar Argentina,30,1996,0.7,0,0,0,1,1,1,1,1,0,,,0,Matches,d7553721
535,Jürgen Locadia,FW,cw Curaçao,32,1993,2.6,0,0,0,3,4,2,0,1,0,,,0,Matches,6cc47ae1
536,Azarías Londoño,MF,pa Panama,24,2001,0.6,0,0,0,1,0,0,1,1,0,,,0,Matches,31d68775
537,Sidny Lopes Cabral,DF,cv Cabo Verde,23,2002,3.2,2,0,0,2,9,0,12,4,2,,,0,Matches,20700569
538,Flaco López,FW,ar Argentina,25,2000,0.2,1,0,0,1,0,0,0,0,1,,,0,Matches,e1426a52
539,Derrick Luckassen,DF,gh Ghana,30,1995,2.0,0,0,0,1,2,0,0,0,1,,,0,Matches,30a09cb5
540,Jhon Lucumí,DF,co Colombia,27,1998,5.3,1,0,0,5,0,0,0,5,2,,,0,Matches,80490d7f
541,José Luis Rodríguez,MFFW,pa Panama,27,1998,2.6,0,0,0,4,2,0,17,0,3,,,0,Matches,b333b014
542,Romelu Lukaku,FW,be Belgium,33,1993,2.6,1,0,0,2,0,1,0,0,0,,,0,Matches,5eae500a
543,Dodi Lukebakio,MF,be Belgium,28,1997,1.8,0,0,0,1,2,0,6,0,1,,,0,Matches,0c61c77c
544,Jovo Lukić,FW,ba Bosnia–Herz,27,1998,0.7,1,0,0,1,0,0,0,0,1,,,0,Matches,a2056e82
545,Awer Mabil,FWMF,au Australia,30,1995,0.3,0,0,0,0,1,0,1,0,0,,,0,Matches,922da988
546,Alexis Mac Allister,MF,ar Argentina,27,1998,8.3,1,0,0,9,12,0,2,9,12,,,0,Matches,83d074ff
547,Deiver Machado,DF,co Colombia,32,1993,1.0,0,0,0,1,2,0,1,2,0,,,0,Matches,b3f8bdef
548,Shuto Machino,FW,jp Japan,26,1999,0.1,0,0,0,1,0,0,1,0,0,,,0,Matches,964dde35
549,Assim Madibo,MF,qa Qatar,29,1996,1.5,0,1,0,2,1,0,0,4,1,,,0,Matches,2b1d2ada
550,Noni Madueke,MF,eng England,24,2002,3.2,0,0,0,2,3,1,21,2,4,,,0,Matches,bf34eebd
551,Daizen Maeda,MF,jp Japan,28,1997,2.7,0,0,0,2,1,1,3,2,3,,,0,Matches,395451fc
552,Gabriel Magalhães,DF,br Brazil,28,1997,5.0,0,0,0,1,3,0,3,4,2,,,0,Matches,67ac5bb8
553,Ermin Mahmić,MF,ba Bosnia–Herz,21,2005,0.8,1,0,0,1,1,0,1,0,1,,,0,Matches,86e34165
554,Hadj Mahmoud,MF,tn Tunisia,26,2000,0.5,0,0,0,2,0,0,0,0,2,,,0,Matches,081048c2
555,Riyad Mahrez,MF,dz Algeria,35,1991,2.9,0,0,0,1,7,1,10,1,2,,,0,Matches,892d5bb1
556,Alexandro Maidana,DF,py Paraguay,20,2005,0.6,0,0,0,0,0,0,1,1,0,,,0,Matches,4d0d5020
557,Mike Maignan,GK,fr France,30,1995,8.0,0,0,0,0,2,0,0,0,0,,,0,Matches,fcb38f57
558,Evidence Makgopa,FW,za South Africa,26,2000,2.4,0,0,0,1,1,2,0,1,1,,,0,Matches,4d76d03b
559,Ahmed Maknzi,DF,iq Iraq,24,2001,0.4,0,0,0,0,0,0,0,0,2,,,0,Matches,f95ac2b6
560,Donyell Malen,FW,nl Netherlands,27,1999,2.1,0,0,0,0,2,0,5,0,0,,,0,Matches,116c35df
561,Arjan Malic,DF,ba Bosnia–Herz,20,2005,0.5,0,0,0,1,1,0,2,0,0,,,0,Matches,de57cd45
562,Mohamed Manai,DF,qa Qatar,23,2002,0.8,0,0,0,3,0,0,0,2,0,,,1,Matches,1e20b706
563,Aïssa Mandi,DF,dz Algeria,34,1991,4.0,0,0,0,0,5,0,0,4,3,,,0,Matches,fbd6378b
564,Sadio Mané,MFFW,sn Senegal,34,1992,4.0,0,0,0,4,10,3,13,3,2,,,0,Matches,c691bfe2
565,Juan Manuel Sanabria,DF,uy Uruguay,26,2000,2.3,1,0,0,1,0,1,15,1,4,,,0,Matches,f1d74479
566,Johan Manzambi,MFFW,ch Switzerland,20,2005,2.2,0,0,0,3,3,1,3,0,0,,,0,Matches,8fcf0e12
567,Mahmoud Al-Mardi,MF,jo Jordan,32,1993,1.4,0,0,0,4,2,0,7,0,1,,,0,Matches,1eedc1ea
568,Jearl Margaritha,FWMF,cw Curaçao,26,2000,0.5,0,0,0,0,0,0,0,0,0,,,0,Matches,be915a68
569,Omar Marmoush,FWMF,eg Egypt,27,1999,3.6,0,0,0,3,8,0,5,2,3,,,0,Matches,0e0102eb
570,Marquinhos,DF,br Brazil,32,1994,5.0,0,0,0,0,2,1,1,3,2,,,0,Matches,d5f2f82b
571,Gabriel Martinelli,MF,br Brazil,24,2001,1.6,0,0,0,4,3,0,2,2,0,,,0,Matches,48a5a5d6
572,Guillermo Martínez Ayala,FW,mx Mexico,31,1995,0.8,0,0,0,3,1,0,0,0,0,,,0,Matches,59146354
573,Cristian Martínez,MFFW,pa Panama,29,1997,2.7,0,0,0,5,5,1,12,1,4,,,0,Matches,fdb15495
574,Emiliano Martínez,GK,ar Argentina,33,1992,9.0,0,0,0,0,1,0,0,0,0,,,0,Matches,7956236f
575,Lautaro Martínez,FW,ar Argentina,28,1997,3.4,1,0,0,8,5,2,1,1,1,,,0,Matches,f7036e1c
576,Lisandro Martínez,DF,ar Argentina,28,1998,6.9,2,0,0,7,4,0,2,6,7,,,0,Matches,bac46a10
577,Thapelo Maseko,MFFW,za South Africa,22,2003,2.7,0,0,0,4,10,0,2,2,1,,,0,Matches,498d45f7
578,Hazem Mastouri,FW,tn Tunisia,28,1997,1.0,0,0,0,2,2,0,1,1,0,,,0,Matches,c88f913e
579,Arthur Masuaku,DF,cd Congo DR,32,1993,3.5,0,0,0,0,4,0,12,0,5,,,0,Matches,57df7a11
580,Igor Matanović,FW,hr Croatia,23,2003,1.1,0,0,0,4,3,1,0,0,0,,,0,Matches,948e1292
581,Pape Matar Sarr,MF,sn Senegal,23,2002,0.7,0,0,0,1,0,0,0,1,0,,,0,Matches,feb5d972
582,Jean-Philippe Mateta,FW,fr France,28,1997,0.3,0,0,0,1,0,0,0,0,0,,,0,Matches,50e6dc35
583,Mauricio,MF,py Paraguay,25,2001,1.9,0,0,0,3,3,0,11,1,6,,,0,Matches,bf4cbc22
584,Fiston Mayele,FW,cd Congo DR,31,1994,0.5,0,0,0,1,1,1,0,0,0,,,0,Matches,0d113a00
585,Ibrahim Maza,MFFW,dz Algeria,20,2005,3.9,0,0,0,1,5,0,1,0,2,,,0,Matches,89b3bc5e
586,Noussair Mazraoui,DF,ma Morocco,28,1997,5.3,0,0,0,4,6,0,3,2,8,,,0,Matches,b74277a0
587,Kylian Mbappé,FW,fr France,27,1998,7.7,1,0,0,6,8,7,4,0,1,,,0,Matches,42fd9c7f
588,Thalente Mbatha,MF,za South Africa,26,2000,2.9,1,0,0,4,0,0,4,5,2,,,0,Matches,f6272be9
589,Ibrahim Mbaye,MF,sn Senegal,18,2008,1.7,0,0,0,0,2,0,9,1,0,,,0,Matches,201b4ee4
590,Chancel Mbemba,DF,cd Congo DR,31,1994,4.0,1,0,0,1,3,0,4,1,3,,,0,Matches,e76cb9cc
591,Mbekezeli Mbokazi,DF,za South Africa,20,2005,4.0,0,0,0,3,5,1,3,4,5,,,0,Matches,13398d42
592,Nathanaël Mbuku,MFFW,cd Congo DR,24,2002,1.6,1,0,0,4,8,0,14,0,3,,,0,Matches,46750e9c
593,Callum McCowatt,MF,nz New Zealand,27,1999,1.8,1,0,0,4,1,0,3,1,1,,,0,Matches,3fc42049
594,John McGinn,MF,sct Scotland,31,1994,2.9,0,0,0,2,11,0,10,0,0,,,0,Matches,90f91999
595,Scott McKenna,DF,sct Scotland,29,1996,1.0,0,0,0,0,0,0,0,0,0,,,0,Matches,4e5a4cbc
596,Weston McKennie,MF,us United States,27,1998,4.9,1,0,0,8,2,0,11,7,7,,,0,Matches,01c3aff5
597,Mark McKenzie,DF,us United States,27,1999,1.0,0,0,0,1,1,0,0,1,1,,,0,Matches,a5f5d094
598,Kenny McLean,MF,sct Scotland,34,1992,1.3,1,0,0,1,1,0,2,2,1,,,0,Matches,471f16b3
599,Scott McTominay,MF,sct Scotland,29,1996,3.0,0,0,0,3,0,0,0,0,2,,,0,Matches,d93c2511
600,Brandon Mechele,DF,be Belgium,33,1993,6.3,1,0,0,9,2,0,0,4,4,,,0,Matches,0a6dbbf7
601,Facundo Medina,DF,ar Argentina,27,1999,3.4,1,0,0,3,2,1,1,2,7,,,0,Matches,6f5ec8bb
602,Yaimar Medina,DFMF,ec Ecuador,21,2004,0.5,0,0,0,1,0,0,4,1,0,,,0,Matches,1fe8ecf7
603,Hannibal Mejbri,MF,tn Tunisia,23,2003,3.0,0,0,0,4,15,0,10,1,4,,,0,Matches,ca22ccb0
604,Amar Memić,MF,ba Bosnia–Herz,25,2001,2.5,0,0,0,4,3,0,5,2,2,,,0,Matches,918c187c
605,Memphis,FWMF,nl Netherlands,32,1994,0.6,1,0,0,1,1,0,1,0,0,,,0,Matches,8f696594
606,Sultan Mendash,MF,sa Saudi Arabia,31,1994,0.7,0,0,0,1,2,0,0,0,3,,,0,Matches,8738a7a1
607,Lucas Mendes,DF,qa Qatar,35,1990,0.0,0,0,0,0,0,1,0,0,0,,,0,Matches,5169f27f
608,Nuno Mendes,DF,pt Portugal,23,2002,4.4,0,0,0,3,12,1,19,0,6,,,0,Matches,f20e4cc9
609,Ryan Mendes,FWMF,cv Cabo Verde,36,1990,3.7,0,0,0,1,2,2,3,5,2,,,0,Matches,ba6e01ab
610,Édouard Mendy,GK,sn Senegal,34,1992,1.7,0,0,0,0,0,0,0,0,0,,,0,Matches,33887998
611,Gideon Mensah,DF,gh Ghana,27,1998,4.0,0,0,0,2,3,0,3,8,5,,,0,Matches,9bdd8118
612,Mikel Merino,MF,es Spain,29,1996,2.2,0,0,0,6,8,0,1,3,2,,,0,Matches,d080ed5e
613,Lionel Messi,FW,ar Argentina,38,1987,8.2,0,0,0,3,20,5,54,0,10,,,0,Matches,d70ce98e
614,Connor Metcalfe,MF,au Australia,26,1999,3.5,0,0,0,1,0,0,8,2,5,,,0,Matches,73ce4d7d
615,Thomas Meunier,DF,be Belgium,34,1991,2.1,0,0,0,9,0,0,7,2,2,,,0,Matches,e162b013
616,Liam Millar,MF,ca Canada,26,1999,1.8,1,0,0,3,1,0,10,0,4,,,0,Matches,983515f8
617,Kim Min-jae,DF,kr Korea Republic,29,1996,2.7,0,0,0,2,1,0,0,2,2,,,0,Matches,e0f8151c
618,Yerry Mina,DF,co Colombia,31,1994,0.0,0,0,0,0,1,0,0,0,0,,,0,Matches,6d5701f2
619,Alan Minda,MF,ec Ecuador,23,2003,0.6,0,0,0,0,1,0,2,1,0,,,0,Matches,9cfd5b00
620,Aubrey Modiba,DF,za South Africa,30,1995,3.8,1,0,0,4,6,2,11,4,5,,,0,Matches,bb1f97f2
621,Luka Modrić,MF,hr Croatia,40,1985,3.5,1,0,0,4,3,0,11,0,3,,,0,Matches,6025fab1
622,Relebohile Mofokeng,MF,za South Africa,21,2004,1.9,0,0,0,3,2,0,2,0,2,,,0,Matches,25c3fb97
623,Shahriar Moghanlou,FW,ir IR Iran,31,1994,1.0,0,0,0,1,1,1,2,0,2,,,0,Matches,92f69be8
624,Milad Mohammadi,DF,ir IR Iran,32,1993,2.3,0,0,0,1,1,2,3,2,4,,,0,Matches,740a0e28
625,Mohammad Mohebi,MF,ir IR Iran,27,1998,2.7,0,0,0,1,1,0,1,1,1,,,0,Matches,7b6b53c3
626,Johan Mojica,DF,co Colombia,33,1992,4.3,1,0,0,1,7,1,11,3,3,,,0,Matches,608f2092
627,Teboho Mokoena,MF,za South Africa,29,1997,3.0,2,0,0,3,6,0,5,5,3,,,0,Matches,00029b1e
628,Nahuel Molina,DF,ar Argentina,28,1998,5.9,0,0,0,3,0,1,5,8,3,,,0,Matches,23610943
629,Jamiro Monteiro,MF,cv Cabo Verde,32,1993,3.1,0,0,0,4,2,0,7,4,4,,,0,Matches,d384bddd
630,César Montes,DF,mx Mexico,29,1997,3.5,0,1,0,4,3,0,2,2,1,,,0,Matches,28e957d7
631,Gonzalo Montiel,DF,ar Argentina,29,1997,2.1,1,0,0,4,2,0,4,3,3,,,0,Matches,374d5158
632,Kim Moon-hwan,MF,kr Korea Republic,30,1995,0.8,0,0,0,0,0,0,0,1,1,,,0,Matches,6bce7dd8
633,Gilberto Mora,MF,mx Mexico,17,2008,2.4,0,0,0,3,3,0,4,2,2,,,0,Matches,69c9ffe8
634,Diego Moreira,MF,be Belgium,21,2004,0.6,0,0,0,2,1,1,5,1,1,,,0,Matches,12de1b0d
635,Steven Moreira,DF,cv Cabo Verde,31,1994,3.3,0,0,0,0,2,0,4,2,3,,,0,Matches,f10983ae
636,Tshepang Moremi,MF,za South Africa,25,2000,0.4,0,0,0,1,1,0,0,0,1,,,0,Matches,546d38f9
637,Orlando Mosquera,GK,pa Panama,31,1994,3.0,0,0,0,0,0,0,0,0,0,,,0,Matches,ea34d827
638,Samir El Mourabet,MF,ma Morocco,20,2005,0.9,0,0,0,0,1,0,1,1,1,,,0,Matches,1a03d055
639,Samuel Moutoussamy,MF,cd Congo DR,29,1996,3.7,1,0,0,8,1,0,1,1,8,,,0,Matches,af0c835b
640,Akmal Mozgovoy,MF,uz Uzbekistan,27,1999,2.4,0,0,0,0,3,0,0,2,0,,,0,Matches,114cb95b
641,Lionel Mpasi,GK,cd Congo DR,31,1994,4.0,0,0,0,0,0,0,0,0,0,,,0,Matches,5c6b0637
642,Khuliso Mudau,DF,za South Africa,31,1995,4.0,0,0,0,4,10,1,3,11,8,,,0,Matches,75388f92
643,Tarik Muharemovic,DF,ba Bosnia–Herz,23,2003,2.9,0,1,0,5,2,0,1,8,1,,,0,Matches,426dda23
644,Miro Muheim,DFMF,ch Switzerland,28,1998,1.0,1,0,0,1,3,0,2,2,1,,,0,Matches,844c6a91
645,Ngal'Ayel Mukau,MF,cd Congo DR,21,2004,2.2,0,0,0,3,4,1,0,3,2,,,0,Matches,bb461b8a
646,Mert Müldür,DF,tr Türkiye,27,1999,1.1,0,0,0,1,2,0,6,1,2,,,0,Matches,1295552e
647,Daniel Muñoz,DF,co Colombia,30,1996,4.4,0,0,0,9,1,3,8,7,3,,,0,Matches,778ef829
648,Petar Musa,FW,hr Croatia,28,1998,1.2,0,0,0,1,1,0,0,0,0,,,0,Matches,4567a0b4
649,Jamal Musiala,MF,de Germany,23,2003,3.0,1,0,0,5,11,0,5,1,5,,,0,Matches,2c0558b8
650,Fernando Muslera,GK,uy Uruguay,39,1986,2.5,0,0,0,0,0,0,0,0,0,,,0,Matches,a2abe631
651,Phillipp Mwene,DF,at Austria,32,1994,1.6,0,0,0,1,1,0,6,3,0,,,0,Matches,2ff76adc
652,David Møller Wolfe,DF,no Norway,24,2002,4.8,0,0,0,7,2,0,5,3,3,,,0,Matches,9affc5f2
653,Yūto Nagatomo,DFMF,jp Japan,39,1986,0.2,0,0,0,0,0,0,1,1,0,,,0,Matches,4b6960d2
654,Keito Nakamura,MF,jp Japan,25,2000,3.4,0,0,0,3,1,1,9,1,3,,,0,Matches,d97af612
655,Abdallah Nasib,DF,jo Jordan,32,1994,2.9,0,0,0,1,1,0,0,7,3,,,0,Matches,aaab3072
656,Sherzod Nasrullaev,DFMF,uz Uzbekistan,27,1998,2.0,1,0,0,3,2,0,3,2,2,,,0,Matches,aeb0c7f7
657,Duckens Nazon,FWMF,ht Haiti,32,1994,0.3,1,0,0,0,1,0,0,0,0,,,0,Matches,20e87a42
658,Iliman Ndiaye,FW,sn Senegal,26,2000,1.3,0,0,0,2,1,0,2,2,0,,,0,Matches,5ed97752
659,Dan Ndoye,MFFW,ch Switzerland,25,2000,4.5,0,0,0,5,16,4,11,4,5,,,0,Matches,8e697a8f
660,Jayden Nelson,FWMF,ca Canada,23,2002,0.0,0,0,0,0,0,0,2,0,0,,,0,Matches,92305a81
661,Ali Nemati,DF,ir IR Iran,30,1996,3.0,1,0,0,3,0,1,2,0,2,,,0,Matches,19a221f7
662,Abduvohid Nematov,GK,uz Uzbekistan,25,2001,2.0,0,0,0,0,0,0,0,0,0,,,1,Matches,25e45f2a
663,Pedro Neto,MF,pt Portugal,26,2000,3.9,0,0,0,4,4,0,13,0,2,,,0,Matches,7ba2eaa9
664,Manuel Neuer,GK,de Germany,40,1986,4.3,0,0,0,0,2,0,0,0,0,,,0,Matches,8778c910
665,João Neves,MF,pt Portugal,21,2004,4.3,0,0,0,1,4,0,2,4,7,,,0,Matches,c2a15a27
666,Rúben Neves,MF,pt Portugal,29,1997,0.6,0,0,0,0,0,0,0,0,0,,,0,Matches,44bfb6c5
667,Neymar,FWMF,br Brazil,34,1992,0.4,1,0,0,1,1,0,7,0,0,,,0,Matches,69384e5d
668,Nathan Ngoy,DF,be Belgium,23,2003,3.7,0,1,0,6,1,0,0,7,4,,,0,Matches,eb7abf2e
669,Moussa Niakhaté,DF,sn Senegal,30,1996,4.3,0,0,0,3,6,0,2,4,1,,,0,Matches,00242715
670,Gustaf Nilsson,FW,se Sweden,29,1997,0.0,0,0,0,0,0,0,0,0,0,,,0,Matches,a7d48b00
671,Felix Nmecha,MF,de Germany,25,2000,3.0,0,0,0,3,3,0,2,2,9,,,0,Matches,091c86e2
672,Kristoffer Nordfeldt,GK,se Sweden,36,1989,2.0,0,0,0,0,0,0,0,0,0,,,0,Matches,78549904
673,Tyrese Noslin,MF,cw Curaçao,23,2002,0.2,0,0,0,0,2,0,3,0,0,,,0,Matches,c3709bd2
674,Ernest Nuamah,MF,gh Ghana,22,2003,1.0,0,0,0,2,2,0,1,0,1,,,0,Matches,234a703c
675,Matheus Nunes,DFMF,pt Portugal,27,1998,0.0,0,0,0,0,0,0,0,0,0,,,0,Matches,e6af02e0
676,Darwin Núñez,FW,uy Uruguay,26,1999,1.7,0,0,0,1,1,2,1,2,1,,,0,Matches,4d77b365
677,Antonio Nusa,FW,no Norway,21,2005,3.5,1,0,0,1,5,2,7,2,2,,,0,Matches,4ab12002
678,Benjamin Nygren,MF,se Sweden,24,2001,1.4,0,0,0,3,0,0,5,0,0,,,0,Matches,d6ebf67f
679,Ørjan Nyland,GK,no Norway,35,1990,5.3,0,0,0,0,0,0,0,1,0,,,0,Matches,bdedffac
680,Aiden O'Neill,MF,au Australia,27,1998,4.0,0,0,0,2,8,0,10,2,2,,,0,Matches,c7aee75b
681,Nico O'Reilly,DF,eng England,21,2005,5.1,1,0,0,6,4,0,4,5,3,,,0,Matches,91ca4a16
682,Salim Obaid,DF,jo Jordan,34,1992,0.2,0,0,0,1,0,0,0,0,2,,,0,Matches,f494bf5f
683,Armando Obispo,DF,cw Curaçao,27,1999,3.0,0,0,0,1,0,1,0,7,1,,,0,Matches,2ffa6348
684,Guillermo Ochoa,GK,mx Mexico,40,1985,0.1,0,0,0,0,0,0,0,0,0,,,0,Matches,1e9bde92
685,Kōki Ogawa,FW,jp Japan,28,1997,0.5,0,0,0,1,0,0,0,0,0,,,0,Matches,3d2e8955
686,Braian Ojeda,MF,py Paraguay,25,2000,0.2,0,0,0,0,0,0,0,0,0,,,0,Matches,60953af0
687,Noah Okafor,FWMF,ch Switzerland,26,2000,0.2,0,0,0,0,0,0,0,0,1,,,0,Matches,ca607d59
688,Ime Okon,DF,za South Africa,22,2004,4.0,0,0,0,1,0,0,0,5,2,,,0,Matches,3cb58055
689,Paul Okon-Engstler,MF,au Australia,21,2005,2.2,0,0,0,3,2,0,2,5,2,,,0,Matches,ecd6464a
690,Ben Old,MF,nz New Zealand,23,2002,1.0,0,0,0,0,1,0,1,1,0,,,0,Matches,e14e818c
691,Michael Olise,MF,fr France,24,2001,7.2,1,0,0,5,16,0,22,3,8,,,0,Matches,c4486bac
692,Mathías Olivera,DF,uy Uruguay,28,1997,3.0,1,0,0,3,0,0,5,2,4,,,0,Matches,41c12f75
693,Dani Olmo,MF,es Spain,28,1998,5.5,0,0,0,6,10,0,1,1,5,,,0,Matches,ae44e8e2
694,Tani Oluwaseyi,FW,ca Canada,26,2000,2.9,0,0,0,5,5,1,2,0,3,,,0,Matches,950ef017
695,Ali Olwan,MF,jo Jordan,26,2000,3.0,0,0,0,1,4,1,5,1,0,,,0,Matches,33c1d68d
696,Amadou Onana,MF,be Belgium,24,2001,1.2,0,0,0,1,3,0,0,2,2,,,0,Matches,828657ff
697,Christopher Opéri,DF,ci Côte d'Ivoire,29,1997,1.0,0,0,0,2,0,0,2,1,2,,,0,Matches,914bb955
698,Jerome Opoku,DF,gh Ghana,27,1998,3.0,0,0,0,2,4,0,0,1,2,,,0,Matches,091d6ee5
699,Joel Ordóñez,DF,ec Ecuador,22,2004,2.5,0,0,0,1,1,0,0,1,5,,,0,Matches,2990a15c
700,Jonathan Osorio,MF,ca Canada,34,1992,0.1,0,0,0,0,1,0,0,1,0,,,0,Matches,70106ff6
701,Nicolás Otamendi,DF,ar Argentina,38,1988,2.7,0,0,0,4,4,1,0,6,2,,,0,Matches,0d267745
702,Zakaria El Ouahdi,DFMF,ma Morocco,24,2001,0.2,0,0,0,1,1,0,0,0,0,,,0,Matches,a3d79d3c
703,Ayoub Al-Oui,DF,qa Qatar,21,2005,1.7,0,0,0,1,0,0,0,2,0,,,0,Matches,010e5bae
704,Azzedine Ounahi,MF,ma Morocco,26,2000,4.8,1,0,0,3,7,0,4,1,1,,,0,Matches,83299cc0
705,Mohammed Al-Owais,GK,sa Saudi Arabia,34,1991,3.0,0,0,0,0,1,0,0,0,0,,,0,Matches,f2c060c6
706,Elisha Owusu,MF,gh Ghana,28,1997,1.7,0,0,0,2,0,0,3,0,3,,,0,Matches,e2781082
707,Mikel Oyarzabal,FW,es Spain,29,1997,6.7,0,0,0,4,5,1,3,1,5,,,0,Matches,8c3c640c
708,Salih Özcan,MF,tr Türkiye,28,1998,1.1,0,0,0,2,2,0,1,4,1,,,0,Matches,15413fa5
709,Willian Pacho,DF,ec Ecuador,24,2001,4.0,0,0,0,3,2,0,0,8,2,,,0,Matches,ecbe2839
710,Kendry Páez,MF,ec Ecuador,19,2007,0.1,1,0,0,1,0,0,0,0,0,,,0,Matches,f3bb9f59
711,Exequiel Palacios,DF,ar Argentina,27,1998,1.0,0,0,0,1,1,0,0,5,0,,,0,Matches,e82adcab
712,Lucas Paquetá,MF,br Brazil,28,1997,2.6,0,0,0,3,6,0,5,5,4,,,0,Matches,9b6f7fd5
713,Leandro Paredes,MF,ar Argentina,31,1994,5.3,2,0,0,9,3,0,2,5,6,,,0,Matches,dff153a4
714,Thomas Partey,MF,gh Ghana,33,1993,3.0,0,0,0,2,5,0,0,6,4,,,0,Matches,529f49ab
715,Marco Pašalić,MF,hr Croatia,25,2000,1.1,0,0,0,0,2,2,11,1,2,,,0,Matches,1866b0f1
716,Mario Pašalić,MF,hr Croatia,31,1995,1.4,0,0,0,2,0,1,1,1,1,,,0,Matches,e599253a
717,Nathan Patterson,DF,sct Scotland,24,2001,2.1,0,0,0,2,0,0,1,3,2,,,0,Matches,230f0471
718,João Paulo Fernandes,DF,cv Cabo Verde,28,1998,1.2,0,0,0,0,4,0,5,6,1,,,0,Matches,afcac9da
719,Aleksandar Pavlovic,MF,de Germany,22,2004,3.0,1,0,0,13,4,0,1,2,3,,,0,Matches,2658c82f
720,Tim Payne,DF,nz New Zealand,32,1994,2.5,0,0,0,2,2,0,10,1,3,,,0,Matches,4e86877c
721,Nicolás Paz,MF,ar Argentina,21,2004,0.8,0,0,0,2,1,0,0,0,2,,,0,Matches,01bb93d5
722,Marcus Pedersen,DF,no Norway,25,2000,2.6,0,0,0,3,1,0,6,0,2,,,0,Matches,596cc50e
723,Pedri,MF,es Spain,23,2002,5.5,1,0,0,4,5,1,13,10,8,,,0,Matches,0d9b2d31
724,Nicolas Pépé,FW,ci Côte d'Ivoire,31,1995,2.6,1,0,0,1,1,1,10,3,0,,,0,Matches,57e3f0c7
725,Ricardo Pepi,FW,us United States,23,2003,2.3,0,0,0,5,3,2,0,1,1,,,0,Matches,a2b1ed42
726,Kojo Peprah Oppong,DF,gh Ghana,22,2004,0.5,1,0,0,1,0,0,0,0,0,,,0,Matches,37a6fdb3
727,Ivan Perišić,MFDF,hr Croatia,37,1989,4.0,2,0,0,4,1,0,20,4,4,,,0,Matches,6fe90922
728,Jens Petter Hauge,DFFW,no Norway,26,1999,0.1,0,0,0,0,0,0,0,0,0,,,0,Matches,12c35abe
729,Charles Pickel,DFMF,cd Congo DR,29,1997,0.4,1,0,0,2,1,0,0,0,0,,,0,Matches,f71ad8cb
730,Jordan Pickford,GK,eng England,32,1994,7.3,0,0,0,0,4,0,0,0,0,,,0,Matches,4806ec67
731,Pico,DF,cv Cabo Verde,33,1992,4.3,0,0,0,0,3,0,0,7,5,,,0,Matches,faef0f92
732,Frantzdy Pierrot,FW,ht Haiti,31,1995,1.6,1,0,0,5,4,2,0,0,0,,,0,Matches,307877be
733,Kevin Pina,MF,cv Cabo Verde,29,1997,3.9,1,0,0,5,3,0,2,3,7,,,0,Matches,296026ae
734,Wagner Pina,DF,cv Cabo Verde,23,2002,1.0,1,0,0,1,3,0,2,1,0,,,0,Matches,9bf22b95
735,Orbelín Pineda,FWMF,mx Mexico,30,1996,0.3,0,0,0,0,2,0,0,0,0,,,0,Matches,411fabd7
736,Yéremy Pino,FWMF,es Spain,23,2002,0.8,0,0,0,2,0,1,1,0,0,,,0,Matches,540ec57b
737,Isidro Pitta,FW,py Paraguay,26,1999,0.5,0,0,0,2,0,2,0,0,0,,,0,Matches,e9fc7295
738,Johny Placide,GK,ht Haiti,38,1988,3.0,1,0,0,0,0,0,0,0,0,,,0,Matches,f1666a9d
739,Gonzalo Plata,FW,ec Ecuador,25,2000,4.0,1,0,0,5,4,0,8,2,5,,,0,Matches,54bcdeb0
740,Marin Pongračić,DF,hr Croatia,28,1997,3.0,0,0,0,3,0,0,0,0,3,,,0,Matches,2a6cd437
741,Jackson Porozo,DF,ec Ecuador,25,2000,0.3,1,0,0,2,0,0,0,0,0,,,0,Matches,7d704e92
742,Pedro Porro,DF,es Spain,26,1999,6.3,0,0,0,10,9,0,24,8,11,,,0,Matches,27d0a506
743,Stefan Posch,DF,at Austria,29,1997,3.7,2,0,0,7,3,0,3,10,4,,,0,Matches,7f609bfc
744,Alexander Prass,DFMF,at Austria,25,2001,0.3,0,0,0,0,0,0,3,0,0,,,0,Matches,6637e6a7
745,Ángelo Preciado,DFMF,ec Ecuador,28,1998,1.2,0,0,0,0,1,0,7,3,1,,,0,Matches,eadc8e4f
746,Ruben Providence,MF,ht Haiti,24,2001,2.4,0,0,0,3,5,0,6,0,2,,,0,Matches,26bab383
747,Lukáš Provod,FW,cz Czechia,29,1996,1.4,0,0,0,2,1,1,5,1,3,,,0,Matches,8f21b7bd
748,Marc Pubill,DF,es Spain,22,2003,0.0,0,0,0,0,0,0,0,0,0,,,0,Matches,365113c0
749,Gustavo Puerta,MF,co Colombia,22,2003,5.2,1,0,0,9,8,0,2,3,3,,,0,Matches,2c08cab0
750,Christian Pulisic,MF,us United States,27,1998,2.5,0,0,0,1,8,2,4,0,1,,,0,Matches,1bf33a9a
751,Ahmed Qasem,MFFW,iq Iraq,22,2003,1.4,0,0,0,0,1,0,1,0,0,,,0,Matches,27219ecb
752,Jarell Quansah,DF,eng England,23,2003,2.2,1,1,0,2,2,0,1,0,0,,,0,Matches,4125cb98
753,Julián Quiñones,FWMF,mx Mexico,29,1997,4.6,0,0,0,5,7,1,3,0,0,,,0,Matches,5535c728
754,Alberto Quintero,FWMF,pa Panama,38,1987,0.0,0,0,0,1,0,0,1,0,0,,,0,Matches,5854ae43
755,Juan Quintero,FWMF,co Colombia,33,1993,1.3,0,0,0,0,1,0,12,0,0,,,0,Matches,540d0b37
756,Ramy Rabia,DF,eg Egypt,33,1993,4.1,0,0,0,3,2,0,0,3,5,,,0,Matches,e32afa36
757,Adrien Rabiot,MF,fr France,31,1995,6.5,1,0,0,13,4,1,2,11,7,,,0,Matches,8794e251
758,Stjepan Radeljić,DF,ba Bosnia–Herz,28,1997,2.0,1,0,0,1,3,0,0,0,1,,,0,Matches,30e03a25
759,Soufiane Rahimi,FW,ma Morocco,30,1996,1.8,0,0,0,5,6,2,1,0,2,,,0,Matches,f126a259
760,Abdul Rahman Baba,DFMF,gh Ghana,31,1994,0.0,0,0,0,0,0,0,0,0,0,,,0,Matches,e4086af3
761,Anthony Ralston,DF,sct Scotland,27,1998,0.1,0,0,0,2,0,0,1,0,0,,,0,Matches,56208b05
762,Gonçalo Ramos,FW,pt Portugal,24,2001,0.4,0,0,0,0,0,0,0,0,0,,,0,Matches,f63cda26
763,Jiovany Ramos,DF,pa Panama,29,1997,1.8,0,0,0,2,1,0,0,3,1,,,0,Matches,30cda59f
764,Jesse Randall,MF,nz New Zealand,23,2002,0.7,0,0,0,0,1,0,5,0,0,,,0,Matches,513ec88e
765,Raúl Rangel,GK,mx Mexico,26,2000,4.9,0,0,0,1,0,0,0,0,0,,,0,Matches,15f733fb
766,Raphinha,MFFW,br Brazil,29,1996,1.4,0,0,0,1,2,2,9,0,0,,,0,Matches,3423f250
767,Nizar Al Rashdan,MF,jo Jordan,27,1999,2.8,0,0,0,5,4,0,0,2,5,,,0,Matches,feaa0ffd
768,Marcus Rashford,MF,eng England,28,1997,2.5,0,0,0,5,1,1,17,0,2,,,0,Matches,a1d5bd30
769,Nicolas Raskin,MF,be Belgium,25,2001,3.8,0,0,0,12,3,0,7,2,5,,,0,Matches,dba1f190
770,David Raum,DF,de Germany,28,1998,1.2,0,0,0,2,0,0,13,1,1,,,0,Matches,7d450ed3
771,Noor Al Rawabdeh,MF,jo Jordan,29,1997,3.0,0,0,0,1,0,0,0,2,7,,,0,Matches,3bb06c86
772,Rayan,FWMF,br Brazil,19,2006,3.2,0,0,0,5,4,1,11,3,4,,,0,Matches,288647fc
773,Iqraam Rayners,FW,za South Africa,30,1995,1.8,0,0,0,1,1,2,2,0,0,,,0,Matches,190b0d5e
774,Tim Ream,DF,us United States,38,1987,4.0,0,0,0,0,2,0,0,6,1,,,0,Matches,28b40c9c
775,Tijjani Reijnders,MF,nl Netherlands,27,1998,2.2,0,0,0,0,3,1,15,2,0,,,0,Matches,afb61630
776,Omar Rekik,DF,tn Tunisia,24,2001,2.0,0,0,0,0,1,1,1,3,2,,,0,Matches,e69e0f7b
777,Israel Reyes,DF,mx Mexico,26,2000,2.2,0,0,0,1,0,0,2,3,1,,,0,Matches,0db8bbc4
778,Gio Reyna,MF,us United States,23,2002,1.5,0,0,0,1,3,0,1,0,0,,,0,Matches,7fa4e703
779,Ramin Rezaeian,DFMF,ir IR Iran,36,1990,3.0,0,0,0,2,3,1,18,2,5,,,0,Matches,c0ae3446
780,Chadi Riad,DF,ma Morocco,22,2003,3.8,0,0,0,0,1,0,0,4,1,,,0,Matches,b3b9b8b8
781,Declan Rice,MF,eng England,27,1999,6.2,2,0,0,4,0,1,44,5,3,,,0,Matches,1c7012b8
782,Chris Richards,DF,us United States,26,2000,4.0,1,0,0,8,3,0,0,4,3,,,0,Matches,0a3d6d2b
783,Fabian Rieder,MFFW,ch Switzerland,24,2002,3.4,0,0,0,3,6,0,13,1,3,,,0,Matches,c2bd8585
784,Richard Ríos,MF,co Colombia,26,2000,1.6,1,0,0,10,4,0,1,1,2,,,0,Matches,72da065d
785,Ró-Ró,DF,qa Qatar,35,1990,3.0,0,0,0,1,7,0,2,3,4,,,0,Matches,8735fe66
786,Andy Robertson,DF,sct Scotland,32,1994,2.5,1,0,0,3,1,0,10,2,1,,,0,Matches,2e4f5f03
787,Antonee Robinson,DFMF,us United States,28,1997,3.9,1,0,0,4,1,0,18,6,4,,,0,Matches,289601e6
788,Miles Robinson,DF,us United States,29,1997,1.0,0,0,0,2,0,0,0,1,1,,,0,Matches,782a95d9
789,Sergio Rochet,GK,uy Uruguay,33,1993,0.5,0,0,0,0,0,0,0,0,0,,,0,Matches,81b99b9e
790,Rodri,MF,es Spain,29,1996,8.0,0,0,0,11,9,1,4,3,20,,,0,Matches,6434f10d
791,Garry Rodrigues,MF,cv Cabo Verde,35,1990,0.8,0,0,0,0,0,2,2,1,2,,,0,Matches,149895bf
792,Brian Rodríguez,FWMF,uy Uruguay,26,2000,0.5,0,0,0,0,1,0,13,0,0,,,0,Matches,c86041d7
793,James Rodríguez,FWMF,co Colombia,34,1991,3.5,0,0,0,0,5,0,18,1,1,,,0,Matches,715bf047
794,Kevin Rodríguez,FW,ec Ecuador,26,2000,1.3,0,0,0,3,2,0,0,0,1,,,0,Matches,189fb038
795,Ricardo Rodríguez,DF,ch Switzerland,33,1992,5.7,0,0,0,11,2,0,19,4,7,,,0,Matches,7f78ad23
796,Tomás Rodríguez,FW,pa Panama,27,1999,0.5,0,0,0,3,1,0,0,0,0,,,0,Matches,59f97bc8
797,Godfried Roemeratoe,MF,cw Curaçao,26,1999,0.1,0,0,0,0,0,0,0,0,0,,,0,Matches,a646b710
798,Morgan Rogers,MF,eng England,23,2002,3.8,0,0,0,5,5,2,5,0,3,,,0,Matches,2e5915f1
799,Cristian Romero,DF,ar Argentina,28,1998,6.8,2,0,0,9,3,0,0,11,10,,,0,Matches,a3d94a58
800,Luis Romo,MF,mx Mexico,31,1995,2.9,0,0,0,1,3,0,1,4,4,,,0,Matches,e590bb10
801,Cristiano Ronaldo,FW,pt Portugal,41,1985,4.9,0,0,0,2,5,6,0,1,1,,,0,Matches,dea698d9
802,Eloy Room,GK,cw Curaçao,37,1989,3.0,0,0,0,0,0,0,0,0,0,,,0,Matches,6b33d86b
803,Marten de Roon,DFMF,nl Netherlands,35,1991,0.1,0,0,0,0,0,0,0,0,0,,,0,Matches,2a1beb34
804,Saed Al-Rosan,DF,jo Jordan,29,1997,0.1,0,0,0,0,0,0,0,0,0,,,0,Matches,f3115445
805,Antonio Rüdiger,DF,de Germany,33,1993,2.9,0,0,0,1,0,0,3,0,0,,,0,Matches,18b896d6
806,Fabián Ruiz Peña,MF,es Spain,30,1996,3.6,0,0,0,1,3,0,9,4,3,,,0,Matches,c0c7ff58
807,Mathew Ryan,GK,au Australia,34,1992,0.0,0,0,0,0,0,0,0,0,0,,,0,Matches,4535e4bb
808,Julian Ryerson,DF,no Norway,28,1997,2.5,0,0,0,6,1,0,15,0,8,,,0,Matches,009a4f60
809,Elias Saad,MFFW,tn Tunisia,26,1999,1.3,0,0,0,1,3,1,2,0,1,,,0,Matches,78a2284f
810,Marwane Saâdane,DFMF,ma Morocco,34,1992,0.0,0,0,0,0,1,0,0,0,0,,,0,Matches,14f47102
811,Mustafa Saadoon,DF,iq Iraq,25,2001,0.2,0,0,0,2,0,0,0,0,1,,,0,Matches,928dc5c9
812,Mahmoud Saber,MF,eg Egypt,24,2001,0.5,1,0,0,2,1,0,1,0,0,,,0,Matches,632c42f5
813,Marcel Sabitzer,MF,at Austria,32,1994,4.0,1,0,0,2,3,1,31,6,2,,,0,Matches,e280527c
814,Noah Sadiki,MF,cd Congo DR,21,2004,2.9,2,0,0,2,3,0,1,2,4,,,0,Matches,645481cc
815,Michal Sadílek,MF,cz Czechia,27,1999,2.0,0,0,0,0,3,0,12,2,2,,,0,Matches,7c9fa389
816,Alexis Saelemaekers,MF,be Belgium,26,1999,0.9,0,0,0,0,2,2,1,0,2,,,0,Matches,ee251371
817,Ismael Saibari,FW,ma Morocco,25,2001,4.2,0,0,0,8,3,3,5,0,2,,,0,Matches,3ec9f005
818,Bukayo Saka,MF,eng England,24,2001,4.0,0,0,0,4,9,4,21,1,7,,,0,Matches,bc7dc64d
819,Mohamed Salah,FWMF,eg Egypt,33,1992,4.7,0,0,0,5,13,1,14,2,0,,,0,Matches,e342ad68
820,Anass Salah-Eddine,DF,ma Morocco,24,2002,2.4,0,0,0,3,2,0,3,0,5,,,0,Matches,0d274394
821,Nathan Saliba,MF,ca Canada,22,2004,2.0,1,0,0,5,2,0,2,4,4,,,0,Matches,44cfc681
822,William Saliba,DF,fr France,25,2001,5.3,0,0,0,4,0,0,0,6,0,,,0,Matches,972aeb2a
823,Shurandy Sambo,DF,cw Curaçao,24,2001,0.0,0,0,0,0,0,0,0,1,0,,,0,Matches,4b1d5a70
824,Antonio Sanabria,FW,py Paraguay,30,1996,0.9,0,0,0,1,2,0,0,0,2,,,0,Matches,0a447501
825,Davinson Sánchez,DF,co Colombia,30,1996,5.3,1,0,0,6,5,1,0,6,2,,,0,Matches,da7b447d
826,Jorge Sánchez,DF,mx Mexico,28,1997,3.9,1,0,0,5,1,1,6,5,4,,,0,Matches,c8d1c3a5
827,Alex Sandro,DFMF,br Brazil,35,1991,0.1,0,0,0,1,0,0,0,0,0,,,0,Matches,0d82903c
828,Leroy Sané,MF,de Germany,30,1996,3.6,0,0,0,3,2,1,10,2,3,,,0,Matches,2b114be3
829,Ibrahim Sangaré,MF,ci Côte d'Ivoire,28,1997,3.0,0,0,0,2,4,0,0,6,5,,,0,Matches,bced0375
830,Kaishū Sano,MF,jp Japan,25,2000,3.0,1,0,0,4,1,0,1,4,2,,,0,Matches,7a7a6361
831,Danilo Santos,MF,br Brazil,25,2001,0.5,0,0,0,0,0,0,0,1,2,,,0,Matches,a816dbfb
832,Douglas Santos,DF,br Brazil,32,1994,4.9,1,0,0,3,2,1,6,6,10,,,0,Matches,c50e5bba
833,Bara Sapoko Ndiaye,MF,sn Senegal,18,2007,0.3,0,0,0,0,2,0,0,0,0,,,0,Matches,fa080d50
834,Ismaila Sarr,MFFW,sn Senegal,28,1998,4.0,0,0,0,1,9,2,2,2,1,,,0,Matches,bfdb33aa
835,Farrukh Sayfiev,DFMF,uz Uzbekistan,35,1991,0.5,0,0,0,0,2,0,2,0,0,,,0,Matches,bad66fb5
836,Amine Sbai,FWMF,ma Morocco,25,2000,0.1,0,0,0,2,0,0,2,0,0,,,0,Matches,bafbe06a
837,Joe Scally,DF,us United States,23,2002,1.0,0,0,0,0,2,1,4,1,1,,,0,Matches,236f02cd
838,Patrik Schick,FW,cz Czechia,30,1996,2.0,0,0,0,1,3,0,0,0,0,,,0,Matches,5d4f7d61
839,Andreas Schjelderup,FW,no Norway,22,2004,2.8,0,0,0,2,3,0,4,5,3,,,0,Matches,a427724f
840,Alexander Schlager,GK,at Austria,30,1996,4.0,0,0,0,0,1,0,0,0,0,,,0,Matches,6fe5c35b
841,Xaver Schlager,MF,at Austria,28,1997,2.6,0,0,0,6,0,0,1,7,3,,,0,Matches,8f056768
842,Nico Schlotterbeck,DF,de Germany,26,1999,1.5,0,0,0,2,1,0,0,3,2,,,0,Matches,34e12499
843,Romano Schmid,MFFW,at Austria,26,2000,2.9,0,0,0,3,4,0,3,0,4,,,0,Matches,220ace7e
844,Kamogelo Sebelebele,DFMF,za South Africa,23,2002,0.1,0,0,0,1,0,0,1,0,0,,,0,Matches,cc014f7d
845,Abdoulaye Seck,DF,sn Senegal,34,1992,0.6,1,0,0,1,1,0,0,0,0,,,0,Matches,f07a0fe5
846,Alidu Seidu,DF,gh Ghana,26,2000,0.9,1,0,0,1,0,0,1,1,1,,,0,Matches,cea59f02
847,Nicolas Seiwald,MF,at Austria,25,2001,3.5,0,0,0,1,1,0,3,4,5,,,0,Matches,28c6e925
848,Ayumu Seko,DF,jp Japan,26,2000,1.0,0,0,0,1,0,0,0,1,1,,,0,Matches,5c6a4059
849,Egil Selvik,GK,no Norway,28,1997,1.0,0,0,0,0,0,0,0,0,0,,,0,Matches,05d89c1c
850,Ken Sema,FWMF,se Sweden,32,1993,0.2,0,0,0,0,1,0,0,0,1,,,0,Matches,1770bd68
851,Nélson Semedo,DFMF,pt Portugal,32,1993,1.4,1,0,0,2,2,0,3,0,0,,,0,Matches,d04b94db
852,Willy Semedo,FW,cv Cabo Verde,32,1994,1.5,0,0,0,4,2,0,2,3,0,,,0,Matches,d1edc98f
853,Antoine Semenyo,MFFW,gh Ghana,26,2000,4.0,0,0,0,6,4,4,5,0,2,,,0,Matches,efd2ec23
854,Marvin Senaya,DF,gh Ghana,25,2001,3.1,0,0,0,6,4,0,8,6,12,,,0,Matches,1d383c10
855,Marcos Senesi,DF,ar Argentina,29,1997,1.2,0,0,0,0,3,0,0,2,0,,,0,Matches,35141f4c
856,Igor Sergeev,FW,uz Uzbekistan,33,1993,0.3,0,0,0,0,0,1,0,0,0,,,0,Matches,8df41977
857,Jean Seri,MF,ci Côte d'Ivoire,34,1991,0.2,0,0,0,0,0,0,3,0,1,,,0,Matches,10efd0e1
858,Kim Seung-gyu,GK,kr Korea Republic,35,1990,3.0,0,0,0,0,0,0,0,0,0,,,0,Matches,eabaafa6
859,Paik Seung-ho,MF,kr Korea Republic,29,1997,2.3,1,0,0,1,2,0,1,1,0,,,0,Matches,1e1bea09
860,Joaquin Seys,DF,be Belgium,21,2005,0.3,0,0,0,0,0,0,0,0,1,,,0,Matches,0beabf0a
861,Jacob Shaffelburg,MF,ca Canada,26,1999,1.0,0,0,0,2,1,0,18,2,1,,,0,Matches,339a2561
862,Mohammed Abu Al-Shamat,MF,sa Saudi Arabia,23,2002,1.5,0,0,0,2,1,0,3,1,3,,,0,Matches,dd65e243
863,Lawrence Shankland,FW,sct Scotland,30,1995,1.9,0,0,0,5,3,1,0,0,1,,,0,Matches,63b1a176
864,Sharara,FW,jo Jordan,28,1997,0.0,1,0,0,1,0,0,0,0,0,,,0,Matches,67e2aed8
865,Aimar Sher,MF,iq Iraq,23,2002,0.3,0,0,0,0,0,0,1,0,0,,,0,Matches,ef301f96
866,Kento Shiogai,FW,jp Japan,21,2005,0.1,0,0,0,0,0,0,0,0,0,,,0,Matches,6bc2fef7
867,Mostafa Shobeir,GK,eg Egypt,26,2000,5.3,1,0,0,0,5,0,0,0,0,,,0,Matches,0cb1d2ba
868,Eldor Shomurodov,FW,uz Uzbekistan,30,1995,3.0,0,0,0,8,4,1,1,0,4,,,0,Matches,57469b2d
869,Otabek Shukurov,MF,uz Uzbekistan,29,1996,2.6,0,0,0,2,5,0,1,0,2,,,0,Matches,62032a56
870,Nkosinathi Sibisi,DF,za South Africa,30,1995,1.0,1,0,0,1,0,0,0,1,0,,,0,Matches,932f8e2b
871,Kwasi Sibo,MF,gh Ghana,27,1998,2.8,0,0,0,7,1,0,0,2,0,,,0,Matches,be834ad7
872,Niko Sigur,MF,ca Canada,22,2003,1.4,1,0,0,5,1,0,5,0,1,,,0,Matches,5c56986b
873,Bernardo Silva,MF,pt Portugal,31,1994,1.1,2,0,0,3,0,0,0,1,0,,,0,Matches,3eb22ec9
874,Éderson Silva,MF,br Brazil,26,1999,0.2,0,0,0,1,0,0,2,1,0,,,0,Matches,a9202def
875,Giuliano Simeone,FW,ar Argentina,23,2002,2.1,0,0,0,9,1,1,2,1,3,,,0,Matches,a6536561
876,Dominique Simon,MF,ht Haiti,25,2000,0.6,0,0,0,1,1,0,1,1,1,,,0,Matches,ffd8e8c5
877,Unai Simón,GK,es Spain,29,1997,8.3,0,0,0,0,3,0,0,0,0,,,0,Matches,5dcf3e90
878,Sarpreet Singh,MF,nz New Zealand,27,1999,2.3,1,0,0,2,2,0,7,0,1,,,0,Matches,4ba886c6
879,Wilfried Singo,DF,ci Côte d'Ivoire,25,2000,1.9,0,0,0,3,1,0,1,4,0,,,0,Matches,8b609c34
880,Sphephelo Sithole,MF,za South Africa,27,1999,2.5,0,1,0,5,1,0,0,5,5,,,0,Matches,33bcd4b3
881,Ellyes Skhiri,MFDF,tn Tunisia,31,1995,2.8,0,0,0,0,1,0,0,2,1,,,1,Matches,c2211709
882,Alexandr Sojka,MFDF,cz Czechia,23,2003,1.6,0,0,0,0,2,0,6,2,1,,,0,Matches,765b7bfc
883,Ramón Sosa,FWMF,py Paraguay,26,1999,0.1,0,0,0,0,1,0,0,0,0,,,0,Matches,2d3417a1
884,Tomáš Souček,MF,cz Czechia,31,1995,1.5,0,0,0,3,1,2,1,1,0,,,0,Matches,6613c819
885,Harry Souttar,DF,au Australia,27,1998,4.3,1,0,0,8,1,0,0,4,0,,,0,Matches,0a6cb1b1
886,Djibril Sow,MF,ch Switzerland,29,1997,2.8,0,0,0,5,4,0,3,2,1,,,0,Matches,4c6facae
887,Çağlar Söyüncü,DF,tr Türkiye,30,1996,0.1,0,0,0,0,0,0,0,0,0,,,0,Matches,21166ff4
888,Djed Spence,DF,eng England,25,2000,4.5,0,0,0,3,5,0,6,5,10,,,0,Matches,9bc9a519
889,Marko Stamenic,MF,nz New Zealand,24,2002,3.0,1,0,0,4,0,0,1,4,1,,,0,Matches,690d1049
890,Josip Stanišić,DFMF,hr Croatia,26,2000,4.0,0,0,0,0,4,0,7,5,2,,,0,Matches,7ed08d5c
891,Carl Starfelt,DF,se Sweden,31,1995,0.0,0,0,0,0,0,0,0,0,0,,,0,Matches,5cfec13d
892,Ross Stewart,FW,sct Scotland,29,1996,0.0,0,0,0,0,0,0,0,0,0,,,0,Matches,18986367
893,Angelo Stiller,MF,de Germany,25,2001,0.5,0,0,0,0,0,0,0,1,1,,,0,Matches,3b1ed320
894,John Stones,DF,eng England,32,1994,3.7,0,0,0,1,1,0,1,0,0,,,0,Matches,5eecec3d
895,Jørgen Strand Larsen,FW,no Norway,26,2000,1.2,0,0,0,0,2,1,0,0,0,,,0,Matches,f553b2b3
896,Elliot Stroud,MF,se Sweden,23,2002,1.8,0,0,0,3,1,0,4,3,0,,,0,Matches,ff11bdec
897,Luis Suárez,FW,co Colombia,28,1997,3.7,1,0,0,7,8,1,2,0,4,,,0,Matches,eeba07f8
898,Luka Sučić,FWMF,hr Croatia,23,2002,0.2,0,0,0,0,0,0,0,0,0,,,0,Matches,1e1378e1
899,Petar Sučić,MFFW,hr Croatia,22,2003,3.2,1,0,0,7,6,1,4,1,2,,,0,Matches,23fb46ea
900,Yukinari Sugawara,MF,jp Japan,25,2000,1.6,0,0,0,3,1,0,4,0,3,,,0,Matches,580bcd18
901,Rebin Sulaka,DF,iq Iraq,34,1992,0.5,0,1,0,1,0,0,0,1,0,,,0,Matches,928bec06
902,Pavel Šulc,FW,cz Czechia,25,2000,2.1,0,0,0,2,1,1,1,0,2,,,0,Matches,e9b893af
903,Kamaldeen Sulemana,MFFW,gh Ghana,24,2002,1.4,0,0,0,2,1,1,4,1,2,,,0,Matches,a62f8bf1
904,Crysencio Summerville,FW,nl Netherlands,24,2001,2.8,1,0,0,2,5,1,7,2,2,,,0,Matches,df04eb4b
905,Ivan Šunjić,MF,ba Bosnia–Herz,29,1996,2.2,0,0,0,7,0,0,1,0,3,,,0,Matches,e18098de
906,Finn Surman,DF,nz New Zealand,22,2003,3.0,0,0,0,4,2,0,0,4,1,,,0,Matches,016e419b
907,Josip Šutalo,DF,hr Croatia,26,2000,4.0,0,0,0,2,1,0,0,6,4,,,0,Matches,33a6a650
908,Junnosuke Suzuki,DF,jp Japan,22,2003,0.5,1,0,0,2,0,0,0,1,0,,,0,Matches,77428b1e
909,Yuito Suzuki,FWMF,jp Japan,24,2001,0.1,0,0,0,0,0,0,0,0,1,,,0,Matches,c25a7a2a
910,Zion Suzuki,GK,jp Japan,23,2002,4.0,0,0,0,0,1,0,0,0,0,,,0,Matches,51e1f4f5
911,Mattias Svanberg,MF,se Sweden,27,1999,0.2,0,0,0,0,1,0,0,1,1,,,0,Matches,92d83c27
912,Daniel Svensson,DF,se Sweden,24,2002,1.1,0,0,0,0,0,1,2,1,2,,,0,Matches,124c9382
913,Alexander Sørloth,FW,no Norway,30,1995,3.7,0,0,0,6,2,2,5,0,1,,,0,Matches,e92cd3f7
914,Musa Al-Taamari,FW,jo Jordan,29,1997,2.4,0,0,0,2,3,1,0,0,0,,,0,Matches,f15f8b2b
915,Haris Tabaković,FW,ba Bosnia–Herz,31,1994,0.2,0,0,0,0,0,0,0,0,0,,,0,Matches,723b19c7
916,Lee Tae-seok,MF,kr Korea Republic,23,2002,1.3,0,0,0,3,1,0,8,0,3,,,0,Matches,32257cce
917,Nicolás Tagliafico,DF,ar Argentina,33,1992,5.3,0,0,0,9,16,2,2,6,4,,,0,Matches,f0661424
918,Jonathan Tah,DF,de Germany,30,1996,4.1,0,0,0,5,1,0,1,1,3,,,0,Matches,bd142efb
919,Benjamin Tahirovic,MF,ba Bosnia–Herz,23,2003,2.6,0,0,0,3,2,0,2,4,4,,,0,Matches,eb3022c3
920,Zaid Tahseen,DF,iq Iraq,25,2001,1.7,1,0,0,3,2,0,0,0,1,,,0,Matches,f3380f7e
921,Chemsdine Talbi,MF,ma Morocco,21,2005,2.0,0,0,0,0,1,0,9,2,2,,,0,Matches,47ce793b
922,Montassar Talbi,DF,tn Tunisia,28,1998,3.0,0,0,0,1,1,0,0,5,2,,,0,Matches,a4a44eb0
923,Hassan Al Tambakti,DF,sa Saudi Arabia,27,1999,2.4,0,0,0,0,1,0,0,3,3,,,1,Matches,6d78c320
924,Ao Tanaka,MF,jp Japan,27,1998,2.1,0,0,0,6,2,0,0,1,6,,,0,Matches,1d36d6b6
925,Shogo Taniguchi,DF,jp Japan,34,1991,2.6,1,0,0,2,1,0,0,1,0,,,0,Matches,828a9c47
926,Mehdi Taremi,FW,ir IR Iran,33,1992,2.9,0,0,0,3,5,2,1,2,2,,,0,Matches,4c2a5d34
927,Aurélien Tchouaméni,MF,fr France,26,2000,4.0,1,0,0,4,3,0,2,6,14,,,0,Matches,4f255115
928,Arthur Theate,DF,be Belgium,26,2000,2.5,0,0,0,1,0,0,0,3,0,,,0,Matches,df8d6029
929,Igor Thiago,FW,br Brazil,24,2001,0.7,0,0,0,2,0,0,0,0,1,,,0,Matches,dc45ac24
930,Malick Thiaw,DFMF,de Germany,24,2001,0.5,0,0,0,1,1,0,0,0,2,,,0,Matches,ff5ea0bf
931,Ryan Thomas,MF,nz New Zealand,31,1994,0.9,0,0,0,3,3,0,1,0,2,,,0,Matches,95efdac2
932,Brandon Thomas-Asante,FWMF,gh Ghana,27,1998,0.6,0,0,0,0,1,1,1,0,0,,,0,Matches,fb152f96
933,Morten Thorsby,MF,no Norway,30,1996,0.5,0,0,0,1,0,0,0,1,1,,,0,Matches,d1b49282
934,Kristian Thorstvedt,MF,no Norway,27,1999,0.7,0,0,0,2,1,0,0,0,1,,,0,Matches,76ff8d0d
935,Marcus Thuram,FWMF,fr France,28,1997,0.0,0,0,0,0,0,0,0,0,0,,,0,Matches,6f8cd6d0
936,Youri Tielemans,MF,be Belgium,29,1997,5.3,0,0,0,7,10,1,15,2,6,,,0,Matches,56f7a928
937,Kieran Tierney,MF,sct Scotland,29,1997,1.2,0,0,0,3,2,0,7,2,1,,,0,Matches,fce2302c
938,Guus Til,FWMF,nl Netherlands,28,1997,0.4,0,0,0,0,0,0,0,0,0,,,0,Matches,6e44569a
939,Malik Tillman,MF,us United States,24,2002,4.0,1,0,0,3,13,0,14,5,7,,,0,Matches,a5420709
940,Quinten Timber,MF,nl Netherlands,24,2001,0.6,0,0,0,0,2,0,1,1,0,,,0,Matches,803e7aca
941,Takehiro Tomiyasu,DF,jp Japan,27,1998,2.0,0,0,0,5,2,0,2,2,1,,,0,Matches,b3af9be1
942,Ivan Toney,FW,eng England,30,1996,0.9,0,0,0,0,3,2,0,0,0,,,0,Matches,e09f279b
943,Mehdi Torabi,MF,ir IR Iran,31,1994,0.3,0,0,0,0,0,0,2,1,0,,,0,Matches,74567feb
944,Félix Torres Caicedo,DF,ec Ecuador,29,1997,0.1,0,0,0,0,0,0,0,0,0,,,0,Matches,c0a8860f
945,Ferran Torres,FW,es Spain,26,2000,3.2,1,0,0,6,4,3,4,0,0,,,0,Matches,9e1035f8
946,Sebastian Tounekti,FW,tn Tunisia,23,2002,0.9,0,0,0,1,0,0,3,0,0,,,0,Matches,584fee1f
947,Bazoumana Touré,MF,ci Côte d'Ivoire,20,2006,0.9,0,0,0,0,1,0,2,0,1,,,0,Matches,93945a50
948,Mo Touré,FW,au Australia,22,2004,1.8,0,0,0,4,2,1,1,0,1,,,0,Matches,8ac64b4e
949,Kai Trewin,DFMF,au Australia,25,2001,0.8,0,0,0,0,1,0,2,2,0,,,0,Matches,1ab3d134
950,Trézéguet,MF,eg Egypt,31,1994,1.8,0,0,0,3,2,0,2,1,0,,,0,Matches,3ae14ed1
951,Francisco Trincão,FWMF,pt Portugal,26,1999,0.3,0,0,0,0,0,0,0,0,1,,,0,Matches,77e39b04
952,Leandro Trossard,MFFW,be Belgium,31,1994,5.6,0,0,0,4,8,1,7,4,1,,,0,Matches,38ceb24a
953,Auston Trusty,DF,us United States,27,1998,1.1,0,0,0,2,0,0,2,4,1,,,0,Matches,cddf767b
954,Axel Tuanzebe,DF,cd Congo DR,28,1997,4.0,0,0,0,3,3,0,0,1,2,,,0,Matches,2baec6ce
955,Matt Turner,GK,us United States,31,1994,1.0,0,0,0,0,0,0,0,0,0,,,0,Matches,4a51ba65
956,Ayase Ueda,FW,jp Japan,27,1998,3.6,0,0,0,6,4,1,0,0,1,,,0,Matches,c0295327
957,Manuel Ugarte,MF,uy Uruguay,25,2001,2.0,0,0,0,1,0,0,0,3,1,,,0,Matches,c9817014
958,Deniz Undav,FW,de Germany,29,1996,1.7,0,0,0,3,0,0,1,0,0,,,0,Matches,dd549382
959,Dayot Upamecano,DF,fr France,27,1998,7.3,0,0,0,7,4,0,0,15,12,,,0,Matches,d248cd8f
960,Jakhongir Urozov,DF,uz Uzbekistan,22,2004,1.1,0,0,0,0,0,0,0,1,0,,,0,Matches,71210bed
961,Oston Urunov,MF,uz Uzbekistan,25,2000,0.7,0,0,0,0,0,0,0,1,0,,,0,Matches,56521adf
962,Can Uzun,MF,tr Türkiye,20,2005,0.4,0,0,0,0,1,0,0,0,0,,,0,Matches,1d0b134a
963,Enner Valencia,FW,ec Ecuador,36,1989,3.2,0,0,0,4,7,2,1,0,1,,,0,Matches,fb485406
964,Yan Valery,DF,tn Tunisia,27,1999,2.8,0,0,0,4,0,1,7,4,1,,,0,Matches,531a4aa8
965,Federico Valverde,MF,uy Uruguay,27,1998,2.6,0,0,0,1,0,0,11,3,2,,,0,Matches,0959c2a2
966,Virgil van Dijk,DF,nl Netherlands,34,1991,4.3,0,0,0,2,2,0,0,3,1,,,0,Matches,e06683ca
967,Hans Vanaken,MF,be Belgium,33,1992,3.5,0,0,0,0,6,0,2,1,1,,,0,Matches,392a7aea
968,Guillermo Varela,DF,uy Uruguay,33,1993,3.0,1,0,0,1,1,0,9,7,1,,,0,Matches,5c961282
969,Hélio Varela,FW,cv Cabo Verde,24,2002,1.2,0,0,0,1,2,1,1,0,0,,,0,Matches,91c99fec
970,Camilo Vargas,GK,co Colombia,37,1989,5.3,0,0,0,0,0,0,0,0,0,,,0,Matches,004e3d0f
971,Obed Vargas,MF,mx Mexico,20,2005,0.7,0,0,0,1,0,0,0,1,2,,,0,Matches,9cc1fde4
972,Ruben Vargas,MF,ch Switzerland,27,1998,3.2,0,0,0,6,6,2,23,2,2,,,0,Matches,6ecbddf6
973,Nikola Vasilj,GK,ba Bosnia–Herz,30,1995,4.0,0,0,0,0,0,0,0,0,0,,,0,Matches,f038585f
974,Johan Vásquez,DF,mx Mexico,27,1998,4.0,1,0,0,0,2,0,1,2,1,,,0,Matches,5eaed77a
975,Alexis Vega,FWMF,mx Mexico,28,1997,0.1,0,0,0,0,0,0,1,0,0,,,0,Matches,f40f4c38
976,Renato Veiga,DF,pt Portugal,22,2003,5.0,2,0,0,5,3,0,0,6,1,,,0,Matches,fc8fcbd1
977,Gustavo Velásquez,DF,py Paraguay,35,1991,2.7,0,0,0,2,0,0,3,1,1,,,0,Matches,b99b4cf5
978,Nishan Velupillay,MF,au Australia,25,2001,0.8,0,0,0,1,0,0,0,0,1,,,0,Matches,40cb6b33
979,Micky van de Ven,DFMF,nl Netherlands,25,2001,2.9,1,0,0,5,1,0,2,2,3,,,0,Matches,8fe2a392
980,Bart Verbruggen,GK,nl Netherlands,23,2002,4.3,0,0,0,0,0,0,0,0,0,,,0,Matches,cf134113
981,Matías Viña,DF,uy Uruguay,28,1997,0.5,0,0,0,0,1,1,2,0,0,,,0,Matches,08eb3b58
982,Federico Viñas,FW,uy Uruguay,27,1998,2.1,0,0,0,3,3,3,0,1,2,,,0,Matches,d30c7094
983,Denis Višinský,FW,cz Czechia,23,2003,0.6,0,0,0,0,1,0,0,0,0,,,0,Matches,d5aac0e9
984,Pedro Vite,MF,ec Ecuador,24,2002,4.0,0,0,0,2,5,0,6,5,11,,,0,Matches,9c146b36
985,Vitinha,MF,pt Portugal,26,2000,4.2,0,0,0,4,5,0,1,2,0,,,0,Matches,3b029691
986,Nikola Vlašić,MF,hr Croatia,28,1997,2.1,0,0,0,5,0,2,3,1,2,,,0,Matches,aa8e289e
987,Cristian Volpato,MF,au Australia,22,2003,1.8,0,0,0,1,2,0,11,0,1,,,0,Matches,72f87f25
988,Vozinha,GK,cv Cabo Verde,40,1986,4.3,0,0,0,0,3,0,0,0,0,,,0,Matches,dc04ac24
989,Francis de Vries,DF,nz New Zealand,31,1994,0.2,0,0,0,0,0,0,3,1,0,,,0,Matches,90a63dda
990,Luka Vušković,DF,hr Croatia,19,2007,0.7,0,0,0,1,1,0,0,1,0,,,0,Matches,fd6bdbce
991,Elye Wahi,FW,ci Côte d'Ivoire,23,2003,1.2,0,0,0,0,0,0,0,0,1,,,0,Matches,0d7b6576
992,Aaron Wan-Bissaka,DF,cd Congo DR,28,1997,3.9,0,0,0,1,1,1,6,7,4,,,0,Matches,9e525177
993,Paul Wanner,MF,at Austria,20,2005,2.6,0,0,0,4,2,0,1,2,1,,,0,Matches,cb64672e
994,Tsuyoshi Watanabe,DF,jp Japan,29,1997,1.0,0,0,0,0,1,0,1,0,2,,,0,Matches,d5f5955a
995,Cecilio Waterman,FW,pa Panama,35,1991,0.8,0,0,0,1,1,0,0,0,0,,,0,Matches,ddd5637f
996,Ollie Watkins,FWMF,eng England,30,1995,0.6,0,0,0,1,0,0,2,0,1,,,0,Matches,aed3a70f
997,Timothy Weah,MF,us United States,26,2000,0.8,0,0,0,2,0,2,0,0,0,,,0,Matches,8eec784d
998,Wout Weghorst,FW,nl Netherlands,33,1992,0.6,0,0,0,1,2,0,0,0,1,,,0,Matches,c4e87b8b
999,Jacob Widell Zetterström,GK,se Sweden,27,1998,2.0,0,0,0,0,0,0,0,0,0,,,0,Matches,ac5120d8
1000,Silvan Widmer,DF,ch Switzerland,33,1993,1.9,0,0,0,2,0,0,4,1,4,,,0,Matches,f68b64fc
1001,Iñaki Williams,MFFW,gh Ghana,31,1994,1.4,1,0,0,2,1,1,4,1,0,,,0,Matches,6a99e0b1
1002,Nico Williams,MF,es Spain,23,2002,1.3,0,0,0,2,1,1,9,1,1,,,0,Matches,afdc14d7
1003,Ronwen Williams,GK,za South Africa,34,1992,4.0,0,0,0,0,0,0,0,1,0,,,0,Matches,a66cc153
1004,Patrick Wimmer,FWMF,at Austria,25,2001,0.2,0,0,0,3,1,0,0,2,0,,,0,Matches,cb11b429
1005,Florian Wirtz,MF,de Germany,23,2003,4.0,0,0,0,1,3,1,13,2,6,,,0,Matches,e7fcf289
1006,Yoane Wissa,FW,cd Congo DR,29,1996,4.0,0,0,0,5,9,1,0,0,1,,,0,Matches,2500cef9
1007,Axel Witsel,DFMF,be Belgium,37,1989,0.4,1,0,0,2,1,0,0,0,0,,,0,Matches,5dfc6ad5
1008,Nick Woltemade,FWMF,de Germany,24,2002,0.4,0,0,0,0,0,0,0,0,1,,,0,Matches,7ca196eb
1009,Chris Wood,FW,nz New Zealand,34,1991,3.0,0,0,0,2,1,4,0,0,1,,,0,Matches,4e9a0555
1010,Haji Wright,FWMF,us United States,28,1998,0.0,0,0,0,0,0,1,0,0,0,,,0,Matches,91cd37b7
1011,Granit Xhaka,MF,ch Switzerland,33,1992,6.7,2,0,0,4,12,0,4,4,4,,,0,Matches,e61b8aee
1012,Kevin Yakob,MF,iq Iraq,25,2000,0.3,0,0,0,1,0,0,0,1,0,,,0,Matches,18d3b8df
1013,Lamine Yamal,MFFW,es Spain,18,2007,6.8,0,0,0,14,9,7,34,2,9,,,0,Matches,82ec26c1
1014,Yannick,MF,cv Cabo Verde,30,1995,0.4,0,0,0,1,1,0,2,2,1,,,0,Matches,6246aa55
1015,Gessime Yassine,MF,ma Morocco,20,2005,0.9,0,0,0,2,3,0,1,1,2,,,0,Matches,f5ccae19
1016,John Yeboah,MF,ec Ecuador,25,2000,3.5,0,0,0,0,4,0,11,3,3,,,0,Matches,8dfdc6c3
1017,Tete Yengi,FW,au Australia,25,2000,0.3,0,0,0,3,0,0,1,0,2,,,0,Matches,1c215c70
1018,Kenan Yıldız,MF,tr Türkiye,21,2005,2.4,0,0,0,2,4,0,6,1,2,,,0,Matches,d8cda243
1019,Caleb Yirenkyi,MF,gh Ghana,20,2006,2.9,2,0,0,7,3,0,1,3,1,,,0,Matches,d40ce7b0
1020,Seol Young-woo,MF,kr Korea Republic,27,1998,2.8,0,0,0,1,2,4,9,1,0,,,0,Matches,8e577e1d
1021,Manaf Younis,DF,iq Iraq,29,1996,0.8,0,0,0,0,0,0,0,1,1,,,0,Matches,b798826e
1022,Aria Yousefi,MF,ir IR Iran,24,2002,0.5,0,0,0,0,1,0,0,1,0,,,0,Matches,fd069512
1023,Ali Yousif,FW,iq Iraq,30,1996,0.4,0,0,0,1,0,0,0,0,1,,,0,Matches,943fd50a
1024,İsmail Yüksek,MF,tr Türkiye,27,1999,1.5,0,0,0,2,0,0,0,2,5,,,0,Matches,6c5af908
1025,Utkir Yusupov,GK,uz Uzbekistan,35,1991,1.0,0,0,0,0,1,0,0,0,0,,,0,Matches,31caffaf
1026,Warren Zaïre-Emery,MF,fr France,20,2006,1.2,0,0,0,1,0,0,1,1,0,,,0,Matches,6b9960cf
1027,Denis Zakaria,DF,ch Switzerland,29,1996,4.0,2,0,0,4,0,1,13,9,5,,,0,Matches,384d58d9
1028,Jaroslav Zelený,MF,cz Czechia,33,1992,1.4,0,0,0,0,2,0,4,0,0,,,0,Matches,bc647827
1029,Alejandro Zendejas,FWMF,us United States,28,1998,0.2,0,0,0,1,0,0,1,0,1,,,0,Matches,d717b80e
1030,Besfort Zeneli,MF,se Sweden,23,2002,0.7,0,0,0,1,0,0,1,1,0,,,0,Matches,6be253bf
1031,Ramiz Zerrouki,MF,dz Algeria,28,1998,1.2,1,0,0,4,0,0,0,2,1,,,0,Matches,c762b1a6
1032,Luca Zidane,GK,dz Algeria,28,1998,3.0,0,0,0,0,0,0,0,0,0,,,0,Matches,c818c4d9
1033,Mostafa Ziko,FWMF,eg Egypt,29,1997,4.1,0,0,0,6,5,2,2,2,4,,,0,Matches,68ff8437
1034,David Zima,DF,cz Czechia,25,2000,0.1,0,0,0,0,0,0,0,0,0,,,0,Matches,acf7e795
1035,Zizo,MF,eg Egypt,30,1996,0.6,0,0,0,2,1,0,6,0,1,,,0,Matches,c6415ba9
1036,Martín Zubimendi,MF,es Spain,27,1999,0.2,0,0,0,0,0,0,0,1,0,,,0,Matches,3ee0dd59
1037,Themba Zwane,FWMF,za South Africa,36,1989,0.3,0,1,0,1,0,0,0,0,0,,,0,Matches,c6f21aa8
1038,Martin Ødegaard,MF,no Norway,27,1998,5.2,0,0,0,3,4,0,15,3,4,,,0,Matches,79300479
1039,Leo Østigård,DF,no Norway,26,1999,1.6,0,0,0,2,2,0,0,1,3,,,0,Matches,b35a7399